timestamp,request_id,queue_type,alloc_type,connection_ms,bytes_sent,total_round_trip_ms
1779981556,0,SPSC,Arena,0.1714,150532,11.2860
1779981556,1,SPSC,Arena,0.1645,150532,22.1550
1779981556,2,SPSC,Arena,0.1771,150532,32.8112
1779981556,3,SPSC,Arena,0.0417,150532,42.7320
1779981556,4,SPSC,Arena,0.1075,150532,32.0072
1779981556,5,SPSC,Arena,0.0656,150532,31.7380
1779981556,6,SPSC,Arena,0.0570,150532,21.2529
1779981556,7,SPSC,Arena,0.0579,150532,31.7194
1779981556,8,SPSC,Arena,0.1671,150532,31.7919
1779981556,9,SPSC,Arena,0.0625,150532,31.4908
1779981556,10,SPSC,Arena,0.1123,150532,31.4291
1779981556,11,SPSC,Arena,0.0644,150532,31.4405
1779981556,12,SPSC,Arena,0.0591,150532,31.3623
1779981556,13,SPSC,Arena,0.0632,150532,31.3647
1779981556,14,SPSC,Arena,0.0842,150532,31.3606
1779981556,15,SPSC,Arena,0.0570,150532,31.4355
1779981556,16,SPSC,Arena,0.0627,150532,31.5161
1779981556,17,SPSC,Arena,0.0827,150532,20.9506
1779981556,18,SPSC,Arena,0.0615,150532,31.6336
1779981556,19,SPSC,Arena,0.1082,150532,31.5366
1779981556,20,SPSC,Arena,0.0591,150532,31.4023
1779981556,21,SPSC,Arena,0.0799,150532,31.4441
1779981556,22,SPSC,Arena,0.0451,150532,31.2629
1779981556,23,SPSC,Arena,0.0551,150532,31.4443
1779981556,24,SPSC,Arena,0.0734,150532,31.4782
1779981556,25,SPSC,Arena,0.1364,150532,31.3056
1779981556,26,SPSC,Arena,0.0718,150532,31.3933
1779981556,27,SPSC,Arena,0.0558,150532,31.4059
1779981556,28,SPSC,Arena,0.0646,150532,31.4212
1779981556,29,SPSC,Arena,0.0610,150532,31.3296
1779981556,30,SPSC,Arena,0.1490,150532,31.4384
1779981557,31,SPSC,Arena,0.0615,150532,31.5568
1779981557,32,SPSC,Arena,0.0608,150532,31.5518
1779981557,33,SPSC,Arena,0.0970,150532,31.5599
1779981557,34,SPSC,Arena,0.0770,150532,31.6055
1779981557,35,SPSC,Arena,0.0606,150532,31.4779
1779981557,36,SPSC,Arena,0.0575,150532,31.5127
1779981557,37,SPSC,Arena,0.0815,150532,31.5497
1779981557,38,SPSC,Arena,0.0632,150532,31.5576
1779981557,39,SPSC,Arena,0.0710,150532,31.5301
1779981557,40,SPSC,Arena,0.0727,150532,31.3883
1779981557,41,SPSC,Arena,0.1059,150532,31.2893
1779981557,42,SPSC,Arena,0.0718,150532,31.3857
1779981557,43,SPSC,Arena,0.0525,150532,31.5902
1779981557,44,SPSC,Arena,0.0694,150532,31.6157
1779981557,45,SPSC,Arena,0.0560,150532,31.6226
1779981557,46,SPSC,Arena,0.0470,150532,31.6308
1779981557,47,SPSC,Arena,0.0608,150532,31.3120
1779981557,48,SPSC,Arena,0.0551,150532,31.3728
1779981557,49,SPSC,Arena,0.0615,150532,31.3337
1779981557,50,SPSC,Arena,0.0448,150532,31.2812
1779981557,51,SPSC,Arena,0.0546,150532,31.3523
1779981557,52,SPSC,Arena,0.0601,150532,31.3339
1779981557,53,SPSC,Arena,0.0737,150532,21.0469
1779981557,54,SPSC,Arena,0.0837,150532,31.4355
1779981557,55,SPSC,Arena,0.0615,150532,31.4744
1779981557,56,SPSC,Arena,0.0608,150532,31.5962
1779981557,57,SPSC,Arena,0.0424,150532,41.9877
1779981557,58,SPSC,Arena,0.0618,150532,31.8236
1779981557,59,SPSC,Arena,0.0660,150532,31.9138
1779981557,60,SPSC,Arena,0.0663,150532,31.8966
1779981557,61,SPSC,Arena,0.0608,150532,31.8129
1779981557,62,SPSC,Arena,0.0658,150532,31.5886
1779981557,63,SPSC,Arena,0.0503,150532,31.4693
1779981557,64,SPSC,Arena,0.0622,150532,31.3561
1779981557,65,SPSC,Arena,0.1469,150532,31.4252
1779981557,66,SPSC,Arena,0.0527,150532,31.4629
1779981557,67,SPSC,Arena,0.0505,150532,31.6472
1779981557,68,SPSC,Arena,0.0632,150532,31.6024
1779981557,69,SPSC,Arena,0.0832,150532,31.5831
1779981557,70,SPSC,Arena,0.1862,150532,31.5812
1779981557,71,SPSC,Arena,0.0522,150532,31.5156
1779981557,72,SPSC,Arena,0.0606,150532,31.6226
1779981557,73,SPSC,Arena,0.1237,150532,31.8108
1779981557,74,SPSC,Arena,0.0567,150532,31.8666
1779981557,75,SPSC,Arena,0.0565,150532,31.9183
1779981557,76,SPSC,Arena,0.0958,150532,21.2748
1779981557,77,SPSC,Arena,0.0732,150532,31.8902
1779981557,78,SPSC,Arena,0.1256,150532,31.9009
1779981557,79,SPSC,Arena,0.0818,150532,31.6453
1779981557,80,SPSC,Arena,0.0648,150532,31.4925
1779981557,81,SPSC,Arena,0.1187,150532,31.5080
1779981557,82,SPSC,Arena,0.0885,150532,32.2535
1779981557,83,SPSC,Arena,0.0691,150532,32.3014
1779981557,84,SPSC,Arena,0.9289,150532,32.2063
1779981557,85,SPSC,Arena,0.0582,150532,32.2690
1779981557,86,SPSC,Arena,0.0715,150532,31.5261
1779981557,87,SPSC,Arena,0.0570,150532,31.5316
1779981557,88,SPSC,Arena,0.1185,150532,21.3640
1779981557,89,SPSC,Arena,0.1519,150532,31.6067
1779981557,90,SPSC,Arena,0.0606,150532,31.4372
1779981557,91,SPSC,Arena,0.0303,150532,31.0977
1779981557,92,SPSC,Arena,0.0548,150532,31.3280
1779981557,93,SPSC,Arena,0.0451,150532,31.2936
1779981557,94,SPSC,Arena,0.0477,150532,31.3268
1779981557,95,SPSC,Arena,0.1812,150532,31.3070
1779981557,96,SPSC,Arena,0.0606,150532,31.3175
1779981557,97,SPSC,Arena,0.0579,150532,31.3513
1779981557,98,SPSC,Arena,0.0548,150532,31.3199
1779981557,99,SPSC,Arena,0.0801,150532,31.3921
1779981557,100,SPSC,Arena,0.1147,150532,31.3928
1779981557,101,SPSC,Arena,0.0553,150532,31.2920
1779981557,102,SPSC,Arena,0.0501,150532,31.3344
1779981557,103,SPSC,Arena,0.0458,150532,31.7228
1779981557,104,SPSC,Arena,0.0808,150532,31.8048
1779981557,105,SPSC,Arena,0.0527,150532,31.7471
1779981557,106,SPSC,Arena,0.0539,150532,31.6966
1779981557,107,SPSC,Arena,0.0365,150532,31.2612
1779981557,108,SPSC,Arena,0.0579,150532,31.3556
1779981557,109,SPSC,Arena,0.0691,150532,31.3036
1779981557,110,SPSC,Arena,0.0889,150532,31.3199
1779981557,111,SPSC,Arena,0.0913,150532,31.3072
1779981557,112,SPSC,Arena,0.0501,150532,31.3368
1779981557,113,SPSC,Arena,0.0610,150532,31.6610
1779981557,114,SPSC,Arena,0.0548,150532,31.9099
1779981557,115,SPSC,Arena,0.2170,150532,31.8086
1779981557,116,SPSC,Arena,0.1225,150532,31.8561
1779981557,117,SPSC,Arena,0.0734,150532,31.5287
1779981557,118,SPSC,Arena,0.0525,150532,31.6322
1779981557,119,SPSC,Arena,0.0613,150532,31.5685
1779981557,120,SPSC,Arena,0.1073,150532,31.5912
1779981557,121,SPSC,Arena,0.1023,150532,31.6248
1779981557,122,SPSC,Arena,0.0517,150532,31.3766
1779981557,123,SPSC,Arena,0.0720,150532,31.3947
1779981557,124,SPSC,Arena,0.1264,150532,31.4460
1779981557,125,SPSC,Arena,0.0601,150532,31.3911
1779981557,126,SPSC,Arena,0.0885,150532,31.4219
1779981557,127,SPSC,Arena,0.0734,150532,31.3549
1779981557,128,SPSC,Arena,0.1254,150532,31.4856
1779981557,129,SPSC,Arena,0.0510,150532,31.4159
1779981557,130,SPSC,Arena,0.0689,150532,31.4639
1779981557,131,SPSC,Arena,0.0820,150532,31.4186
1779981557,132,SPSC,Arena,0.0699,150532,31.5626
1779981557,133,SPSC,Arena,0.0625,150532,31.5094
1779981557,134,SPSC,Arena,0.0608,150532,31.4178
1779981557,135,SPSC,Arena,0.0589,150532,31.4701
1779981557,136,SPSC,Arena,0.0463,150532,31.3210
1779981557,137,SPSC,Arena,0.0591,150532,31.3959
1779981557,138,SPSC,Arena,0.0615,150532,31.3630
1779981557,139,SPSC,Arena,0.1404,150532,31.3196
1779981557,140,SPSC,Arena,0.0529,150532,31.3797
1779981557,141,SPSC,Arena,0.0546,150532,31.4014
1779981557,142,SPSC,Arena,0.0570,150532,31.4262
1779981557,143,SPSC,Arena,0.0739,150532,31.5039
1779981557,144,SPSC,Arena,0.1166,150532,31.4713
1779981557,145,SPSC,Arena,0.0534,150532,31.3516
1779981557,146,SPSC,Arena,0.0815,150532,31.2524
1779981557,147,SPSC,Arena,0.0789,150532,31.1756
1779981557,148,SPSC,Arena,0.0544,150532,31.2159
1779981557,149,SPSC,Arena,0.0589,150532,31.3241
1779981557,150,SPSC,Arena,0.0513,150532,31.3418
1779981557,151,SPSC,Arena,0.0880,150532,31.3509
1779981557,152,SPSC,Arena,0.0529,150532,31.3919
1779981557,153,SPSC,Arena,0.0591,150532,31.2407
1779981557,154,SPSC,Arena,0.0892,150532,31.3196
1779981557,155,SPSC,Arena,0.0715,150532,31.3725
1779981557,156,SPSC,Arena,0.0508,150532,31.5475
1779981557,157,SPSC,Arena,0.0625,150532,31.4965
1779981558,158,SPSC,Arena,0.0691,150532,31.5313
1779981558,159,SPSC,Arena,0.0854,150532,31.5127
1779981558,160,SPSC,Arena,0.0434,150532,31.4260
1779981558,161,SPSC,Arena,0.0923,150532,31.5094
1779981558,162,SPSC,Arena,0.0699,150532,31.4984
1779981558,163,SPSC,Arena,0.1597,150532,31.4178
1779981558,164,SPSC,Arena,0.0584,150532,31.4291
1779981558,165,SPSC,Arena,0.0582,150532,31.4503
1779981558,166,SPSC,Arena,0.0627,150532,31.3861
1779981558,167,SPSC,Arena,0.1731,150532,31.3680
1779981558,168,SPSC,Arena,0.0660,150532,31.3776
1779981558,169,SPSC,Arena,0.0515,150532,31.3649
1779981558,170,SPSC,Arena,0.0584,150532,31.3694
1779981558,171,SPSC,Arena,0.0844,150532,31.3292
1779981558,172,SPSC,Arena,0.0589,150532,31.3940
1779981558,173,SPSC,Arena,0.0558,150532,31.4136
1779981558,174,SPSC,Arena,0.0532,150532,21.0285
1779981558,175,SPSC,Arena,0.0596,150532,31.4684
1779981558,176,SPSC,Arena,0.0982,150532,32.1100
1779981558,177,SPSC,Arena,0.0606,150532,31.9886
1779981558,178,SPSC,Arena,0.0746,150532,32.0315
1779981558,179,SPSC,Arena,0.0939,150532,32.0389
1779981558,180,SPSC,Arena,0.0744,150532,31.5416
1779981558,181,SPSC,Arena,0.0577,150532,31.5101
1779981558,182,SPSC,Arena,0.1252,150532,31.3568
1779981558,183,SPSC,Arena,0.0880,150532,31.3575
1779981558,184,SPSC,Arena,0.0737,150532,31.2638
1779981558,185,SPSC,Arena,0.0706,150532,31.3725
1779981558,186,SPSC,Arena,0.1166,150532,31.6157
1779981558,187,SPSC,Arena,0.0765,150532,31.6591
1779981558,188,SPSC,Arena,0.0682,150532,31.6293
1779981558,189,SPSC,Arena,0.0558,150532,31.5323
1779981558,190,SPSC,Arena,0.1070,150532,31.2700
1779981558,191,SPSC,Arena,0.0849,150532,31.3077
1779981558,192,SPSC,Arena,0.0663,150532,31.2490
1779981558,193,SPSC,Arena,0.0539,150532,31.1792
1779981558,194,SPSC,Arena,0.0601,150532,31.8358
1779981558,195,SPSC,Arena,0.0780,150532,31.8427
1779981558,196,SPSC,Arena,0.0741,150532,31.8403
1779981558,197,SPSC,Arena,0.0615,150532,31.9474
1779981558,198,SPSC,Arena,0.0665,150532,31.3730
1779981558,199,SPSC,Arena,0.0861,150532,31.4043
1779981558,200,SPSC,Arena,0.0813,150532,31.5070
1779981558,201,SPSC,Arena,0.0682,150532,31.4858
1779981558,202,SPSC,Arena,0.0882,150532,31.4250
1779981558,203,SPSC,Arena,0.0675,150532,31.4405
1779981558,204,SPSC,Arena,0.0679,150532,31.4364
1779981558,205,SPSC,Arena,0.0522,150532,31.6517
1779981558,206,SPSC,Arena,0.0861,150532,31.7049
1779981558,207,SPSC,Arena,0.1137,150532,31.7478
1779981558,208,SPSC,Arena,0.0844,150532,31.5835
1779981558,209,SPSC,Arena,0.0658,150532,31.3878
1779981558,210,SPSC,Arena,0.0615,150532,31.2977
1779981558,211,SPSC,Arena,0.0966,150532,31.3282
1779981558,212,SPSC,Arena,0.0689,150532,31.4434
1779981558,213,SPSC,Arena,0.0598,150532,31.5108
1779981558,214,SPSC,Arena,0.0544,150532,21.2512
1779981558,215,SPSC,Arena,0.1028,150532,31.5866
1779981558,216,SPSC,Arena,0.0854,150532,31.6021
1779981558,217,SPSC,Arena,0.0496,150532,31.5471
1779981558,218,SPSC,Arena,0.0427,150532,31.6527
1779981558,219,SPSC,Arena,0.0522,150532,31.6007
1779981558,220,SPSC,Arena,0.0567,150532,31.4553
1779981558,221,SPSC,Arena,0.0713,150532,31.5259
1779981558,222,SPSC,Arena,0.0188,150532,42.2363
1779981558,223,SPSC,Arena,0.0744,150532,31.8763
1779981558,224,SPSC,Arena,0.0722,150532,32.2125
1779981558,225,SPSC,Arena,0.0508,150532,32.1689
1779981558,226,SPSC,Arena,0.0851,150532,31.6768
1779981558,227,SPSC,Arena,0.0627,150532,31.7206
1779981558,228,SPSC,Arena,0.0651,150532,31.5702
1779981558,229,SPSC,Arena,0.0515,150532,31.5907
1779981558,230,SPSC,Arena,0.0899,150532,31.5993
1779981558,231,SPSC,Arena,0.0679,150532,31.6358
1779981558,232,SPSC,Arena,0.0627,150532,31.4643
1779981558,233,SPSC,Arena,0.0672,150532,31.5030
1779981558,234,SPSC,Arena,0.0601,150532,31.4481
1779981558,235,SPSC,Arena,0.0968,150532,31.4898
1779981558,236,SPSC,Arena,0.0975,150532,31.4822
1779981558,237,SPSC,Arena,0.0689,150532,31.4074
1779981558,238,SPSC,Arena,0.0708,150532,31.5678
1779981558,239,SPSC,Arena,0.0975,150532,31.5740
1779981558,240,SPSC,Arena,0.0653,150532,31.6100
1779981558,241,SPSC,Arena,0.0656,150532,31.6303
1779981558,242,SPSC,Arena,0.1078,150532,31.5297
1779981558,243,SPSC,Arena,0.0858,150532,31.5645
1779981558,244,SPSC,Arena,0.0744,150532,31.5299
1779981558,245,SPSC,Arena,0.0708,150532,21.1260
1779981558,246,SPSC,Arena,0.0699,150532,31.6768
1779981558,247,SPSC,Arena,0.1056,150532,31.7950
1779981558,248,SPSC,Arena,0.0737,150532,31.7278
1779981558,249,SPSC,Arena,0.0618,150532,31.7087
1779981558,250,SPSC,Arena,0.1142,150532,31.7097
1779981558,251,SPSC,Arena,0.0567,150532,31.5077
1779981558,252,SPSC,Arena,0.0806,150532,31.4677
1779981558,253,SPSC,Arena,0.0825,150532,31.6145
1779981558,254,SPSC,Arena,0.1040,150532,31.6508
1779981558,255,SPSC,Arena,0.0603,150532,31.7082
1779981558,256,SPSC,Arena,0.0603,150532,31.6734
1779981558,257,SPSC,Arena,0.0696,150532,31.3935
1779981558,258,SPSC,Arena,0.0987,150532,31.4286
1779981558,259,SPSC,Arena,0.0596,150532,31.3647
1779981558,260,SPSC,Arena,0.0491,150532,31.4820
1779981558,261,SPSC,Arena,0.0606,150532,31.4305
1779981558,262,SPSC,Arena,0.0982,150532,31.4319
1779981558,263,SPSC,Arena,0.0565,150532,31.4369
1779981558,264,SPSC,Arena,0.0608,150532,31.9798
1779981558,265,SPSC,Arena,0.0911,150532,31.9672
1779981558,266,SPSC,Arena,0.1361,150532,31.9998
1779981558,267,SPSC,Arena,0.0653,150532,31.9836
1779981558,268,SPSC,Arena,0.0548,150532,31.5332
1779981558,269,SPSC,Arena,0.0942,150532,21.1995
1779981558,270,SPSC,Arena,0.0627,150532,31.5707
1779981558,271,SPSC,Arena,0.0656,150532,31.5282
1779981558,272,SPSC,Arena,0.0486,150532,31.2669
1779981558,273,SPSC,Arena,0.0727,150532,31.3776
1779981558,274,SPSC,Arena,0.0594,150532,31.3277
1779981558,275,SPSC,Arena,0.0815,150532,31.2612
1779981558,276,SPSC,Arena,0.0930,150532,31.2254
1779981558,277,SPSC,Arena,0.0620,150532,31.2796
1779981558,278,SPSC,Arena,0.0625,150532,31.2266
1779981558,279,SPSC,Arena,0.0730,150532,31.1649
1779981558,280,SPSC,Arena,0.0670,150532,31.1539
1779981558,281,SPSC,Arena,0.0889,150532,31.1983
1779981558,282,SPSC,Arena,0.0639,150532,31.2283
1779981558,283,SPSC,Arena,0.0610,150532,31.2512
1779981558,284,SPSC,Arena,0.0703,150532,31.1780
1779981558,285,SPSC,Arena,0.0749,150532,31.2257
1779981559,286,SPSC,Arena,0.0601,150532,31.4350
1779981559,287,SPSC,Arena,0.0615,150532,31.5244
1779981559,288,SPSC,Arena,0.1128,150532,31.5459
1779981559,289,SPSC,Arena,0.0756,150532,31.5516
1779981559,290,SPSC,Arena,0.0544,150532,31.4763
1779981559,291,SPSC,Arena,0.0644,150532,31.5402
1779981559,292,SPSC,Arena,0.0389,150532,31.4245
1779981559,293,SPSC,Arena,0.1144,150532,31.7347
1779981559,294,SPSC,Arena,0.0684,150532,31.6856
1779981559,295,SPSC,Arena,0.0613,150532,31.7135
1779981559,296,SPSC,Arena,0.0684,150532,31.8215
1779981559,297,SPSC,Arena,0.0565,150532,31.6310
1779981559,298,SPSC,Arena,0.0589,150532,31.6284
1779981559,299,SPSC,Arena,0.0668,150532,31.5003
1779981559,300,SPSC,Arena,0.1595,150532,31.4763
1779981559,301,SPSC,Arena,0.0789,150532,31.5180
1779981559,302,SPSC,Arena,0.0732,150532,31.3361
1779981559,303,SPSC,Arena,0.0656,150532,31.2939
1779981559,304,SPSC,Arena,0.0725,150532,31.2686
1779981559,305,SPSC,Arena,0.0579,150532,31.3089
1779981559,306,SPSC,Arena,0.0792,150532,31.3678
1779981559,307,SPSC,Arena,0.0751,150532,31.4703
1779981559,308,SPSC,Arena,0.0653,150532,31.4815
1779981559,309,SPSC,Arena,0.0875,150532,31.4908
1779981559,310,SPSC,Arena,0.0618,150532,31.6484
1779981559,311,SPSC,Arena,0.0532,150532,31.6541
1779981559,312,SPSC,Arena,0.1557,150532,31.6288
1779981559,313,SPSC,Arena,0.1180,150532,31.6958
1779981559,314,SPSC,Arena,0.0889,150532,31.4431
1779981559,315,SPSC,Arena,0.0651,150532,31.4620
1779981559,316,SPSC,Arena,0.0763,150532,31.4701
1779981559,317,SPSC,Arena,0.0534,150532,31.5654
1779981559,318,SPSC,Arena,0.0613,150532,31.5523
1779981559,319,SPSC,Arena,0.0720,150532,31.5351
1779981559,320,SPSC,Arena,0.0451,150532,31.2991
1779981559,321,SPSC,Arena,0.0927,150532,31.4484
1779981559,322,SPSC,Arena,0.0610,150532,31.7221
1779981559,323,SPSC,Arena,0.1223,150532,21.2457
1779981559,324,SPSC,Arena,0.0727,150532,31.7898
1779981559,325,SPSC,Arena,0.1776,150532,31.6625
1779981559,326,SPSC,Arena,0.0579,150532,31.4736
1779981559,327,SPSC,Arena,0.0710,150532,31.3883
1779981559,328,SPSC,Arena,0.0753,150532,31.3504
1779981559,329,SPSC,Arena,0.0844,150532,31.4305
1779981559,330,SPSC,Arena,0.0663,150532,31.3089
1779981559,331,SPSC,Arena,0.0639,150532,31.3511
1779981559,332,SPSC,Arena,0.0827,150532,31.4059
1779981559,333,SPSC,Arena,0.0694,150532,31.4355
1779981559,334,SPSC,Arena,0.0572,150532,31.4169
1779981559,335,SPSC,Arena,0.0660,150532,31.6000
1779981559,336,SPSC,Arena,0.0825,150532,31.6606
1779981559,337,SPSC,Arena,0.0386,150532,31.6491
1779981559,338,SPSC,Arena,0.0641,150532,31.7929
1779981559,339,SPSC,Arena,0.1099,150532,31.4503
1779981559,340,SPSC,Arena,0.0846,150532,31.5111
1779981559,341,SPSC,Arena,0.0668,150532,31.5440
1779981559,342,SPSC,Arena,0.0591,150532,31.3303
1779981559,343,SPSC,Arena,0.0894,150532,31.2927
1779981559,344,SPSC,Arena,0.1442,150532,31.4138
1779981559,345,SPSC,Arena,0.0536,150532,31.4281
1779981559,346,SPSC,Arena,0.0575,150532,31.6000
1779981559,347,SPSC,Arena,0.0942,150532,31.6989
1779981559,348,SPSC,Arena,0.0513,150532,31.7969
1779981559,349,SPSC,Arena,0.0801,150532,31.7650
1779981559,350,SPSC,Arena,0.1545,150532,31.7090
1779981559,351,SPSC,Arena,0.0906,150532,31.5597
1779981559,352,SPSC,Arena,0.0355,150532,31.3494
1779981559,353,SPSC,Arena,0.0761,150532,31.3790
1779981559,354,SPSC,Arena,0.0675,150532,31.4317
1779981559,355,SPSC,Arena,0.0751,150532,31.4898
1779981559,356,SPSC,Arena,0.1054,150532,31.5571
1779981559,357,SPSC,Arena,0.0603,150532,31.5642
1779981559,358,SPSC,Arena,0.0720,150532,31.5163
1779981559,359,SPSC,Arena,0.0761,150532,31.5034
1779981559,360,SPSC,Arena,0.0858,150532,31.5812
1779981559,361,SPSC,Arena,0.0498,150532,31.3950
1779981559,362,SPSC,Arena,0.0503,150532,31.5616
1779981559,363,SPSC,Arena,0.0663,150532,31.5080
1779981559,364,SPSC,Arena,0.0379,150532,31.4016
1779981559,365,SPSC,Arena,0.0691,150532,31.5115
1779981559,366,SPSC,Arena,0.0618,150532,31.5011
1779981559,367,SPSC,Arena,0.0689,150532,31.5795
1779981559,368,SPSC,Arena,0.0939,150532,31.5783
1779981559,369,SPSC,Arena,0.0579,150532,31.6770
1779981559,370,SPSC,Arena,0.0651,150532,31.6799
1779981559,371,SPSC,Arena,0.1049,150532,21.3563
1779981559,372,SPSC,Arena,0.1650,150532,32.1007
1779981559,373,SPSC,Arena,0.0641,150532,32.0697
1779981559,374,SPSC,Arena,0.5836,150532,31.9703
1779981559,375,SPSC,Arena,0.0515,150532,31.8325
1779981559,376,SPSC,Arena,0.0765,150532,31.6100
1779981559,377,SPSC,Arena,0.0501,150532,31.5459
1779981559,378,SPSC,Arena,0.0837,150532,31.4717
1779981559,379,SPSC,Arena,0.0575,150532,31.6241
1779981559,380,SPSC,Arena,0.0927,150532,31.4581
1779981559,381,SPSC,Arena,0.0660,150532,31.5356
1779981559,382,SPSC,Arena,0.0887,150532,31.5819
1779981559,383,SPSC,Arena,0.0927,150532,31.5340
1779981559,384,SPSC,Arena,0.0644,150532,31.6978
1779981559,385,SPSC,Arena,0.0732,150532,31.6851
1779981559,386,SPSC,Arena,0.0563,150532,21.3525
1779981559,387,SPSC,Arena,0.1044,150532,31.7414
1779981559,388,SPSC,Arena,0.0656,150532,31.6575
1779981559,389,SPSC,Arena,0.0668,150532,31.4496
1779981559,390,SPSC,Arena,0.0346,150532,31.3075
1779981559,391,SPSC,Arena,0.0651,150532,31.2872
1779981559,392,SPSC,Arena,0.0532,150532,31.4226
1779981559,393,SPSC,Arena,0.0751,150532,31.5146
1779981559,394,SPSC,Arena,0.0598,150532,31.5576
1779981559,395,SPSC,Arena,0.0763,150532,31.6112
1779981559,396,SPSC,Arena,0.0739,150532,31.6236
1779981559,397,SPSC,Arena,0.0765,150532,31.5673
1779981559,398,SPSC,Arena,0.0579,150532,31.6856
1779981559,399,SPSC,Arena,0.0610,150532,31.6124
1779981559,400,SPSC,Arena,0.0858,150532,31.5635
1779981559,401,SPSC,Arena,0.0753,150532,31.6257
1779981559,402,SPSC,Arena,0.0675,150532,31.7428
1779981559,403,SPSC,Arena,0.1030,150532,31.9746
1779981559,404,SPSC,Arena,0.0744,150532,31.8499
1779981559,405,SPSC,Arena,0.1979,150532,31.5521
1779981559,406,SPSC,Arena,0.1523,150532,31.6257
1779981559,407,SPSC,Arena,0.0651,150532,31.3554
1779981559,408,SPSC,Arena,0.0601,150532,31.4019
1779981559,409,SPSC,Arena,0.0565,150532,31.4066
1779981559,410,SPSC,Arena,0.1016,150532,31.5094
1779981559,411,SPSC,Arena,0.0634,150532,31.4579
1779981559,412,SPSC,Arena,0.0787,150532,31.4410
1779981560,413,SPSC,Arena,0.0582,150532,31.5330
1779981560,414,SPSC,Arena,0.0601,150532,31.3890
1779981560,415,SPSC,Arena,0.0722,150532,41.9407
1779981560,416,SPSC,Arena,0.0715,150532,31.5075
1779981560,417,SPSC,Arena,0.0668,150532,31.6696
1779981560,418,SPSC,Arena,0.0806,150532,31.9078
1779981560,419,SPSC,Arena,0.1421,150532,31.8220
1779981560,420,SPSC,Arena,0.1304,150532,42.4395
1779981560,421,SPSC,Arena,0.1659,150532,31.8029
1779981560,422,SPSC,Arena,0.0701,150532,31.6494
1779981560,423,SPSC,Arena,0.1161,150532,31.6823
1779981560,424,SPSC,Arena,0.0618,150532,31.8339
1779981560,425,SPSC,Arena,0.0870,150532,31.6052
1779981560,426,SPSC,Arena,0.0789,150532,31.6007
1779981560,427,SPSC,Arena,0.0746,150532,31.5936
1779981560,428,SPSC,Arena,0.0551,150532,41.9242
1779981560,429,SPSC,Arena,0.0949,150532,31.4820
1779981560,430,SPSC,Arena,0.0696,150532,31.6329
1779981560,431,SPSC,Arena,0.0665,150532,32.4357
1779981560,432,SPSC,Arena,0.1223,150532,32.2936
1779981560,433,SPSC,Arena,0.0679,150532,32.4018
1779981560,434,SPSC,Arena,0.1047,150532,31.6594
1779981560,435,SPSC,Arena,0.0737,150532,31.4929
1779981560,436,SPSC,Arena,0.1402,150532,31.5440
1779981560,437,SPSC,Arena,0.0699,150532,31.5545
1779981560,438,SPSC,Arena,0.0839,150532,31.6732
1779981560,439,SPSC,Arena,0.0579,150532,31.5456
1779981560,440,SPSC,Arena,0.0839,150532,31.6322
1779981560,441,SPSC,Arena,0.1314,150532,31.5928
1779981560,442,SPSC,Arena,0.0534,150532,31.5599
1779981560,443,SPSC,Arena,0.0560,150532,32.0361
1779981560,444,SPSC,Arena,0.1128,150532,31.7910
1779981560,445,SPSC,Arena,0.0699,150532,31.8348
1779981560,446,SPSC,Arena,0.0579,150532,31.9083
1779981560,447,SPSC,Arena,0.0646,150532,31.3716
1779981560,448,SPSC,Arena,0.1121,150532,31.4562
1779981560,449,SPSC,Arena,0.0689,150532,31.4553
1779981560,450,SPSC,Arena,0.0565,150532,31.3118
1779981560,451,SPSC,Arena,0.0694,150532,31.3580
1779981560,452,SPSC,Arena,0.0849,150532,31.3416
1779981560,453,SPSC,Arena,0.0532,150532,31.3702
1779981560,454,SPSC,Arena,0.0570,150532,31.4009
1779981560,455,SPSC,Arena,0.0615,150532,31.4379
1779981560,456,SPSC,Arena,0.0584,150532,31.4867
1779981560,457,SPSC,Arena,0.0925,150532,31.5483
1779981560,458,SPSC,Arena,0.0663,150532,31.4274
1779981560,459,SPSC,Arena,0.1040,150532,31.5132
1779981560,460,SPSC,Arena,0.0720,150532,31.4183
1779981560,461,SPSC,Arena,0.0508,150532,31.4717
1779981560,462,SPSC,Arena,0.0873,150532,31.5304
1779981560,463,SPSC,Arena,0.0703,150532,31.3294
1779981560,464,SPSC,Arena,0.1004,150532,31.2510
1779981560,465,SPSC,Arena,0.0734,150532,31.3847
1779981560,466,SPSC,Arena,0.0684,150532,31.2428
1779981560,467,SPSC,Arena,0.0682,150532,31.4078
1779981560,468,SPSC,Arena,0.0510,150532,31.3001
1779981560,469,SPSC,Arena,0.0911,150532,31.4288
1779981560,470,SPSC,Arena,0.0813,150532,31.4612
1779981560,471,SPSC,Arena,0.0682,150532,31.4584
1779981560,472,SPSC,Arena,0.0501,150532,31.4305
1779981560,473,SPSC,Arena,0.1109,150532,31.4717
1779981560,474,SPSC,Arena,0.0691,150532,31.3897
1779981560,475,SPSC,Arena,0.0601,150532,31.3606
1779981560,476,SPSC,Arena,0.0594,150532,31.3759
1779981560,477,SPSC,Arena,0.0882,150532,31.6277
1779981560,478,SPSC,Arena,0.0613,150532,31.5180
1779981560,479,SPSC,Arena,0.0665,150532,31.5027
1779981560,480,SPSC,Arena,0.0751,150532,31.4958
1779981560,481,SPSC,Arena,0.0455,150532,31.4016
1779981560,482,SPSC,Arena,0.0596,150532,31.4074
1779981560,483,SPSC,Arena,0.0632,150532,31.4505
1779981560,484,SPSC,Arena,0.0622,150532,31.4794
1779981560,485,SPSC,Arena,0.0904,150532,31.6017
1779981560,486,SPSC,Arena,0.0548,150532,31.5621
1779981560,487,SPSC,Arena,0.0598,150532,31.4522
1779981560,488,SPSC,Arena,0.0517,150532,31.4009
1779981560,489,SPSC,Arena,0.0665,150532,31.3568
1779981560,490,SPSC,Arena,0.0994,150532,41.9092
1779981560,491,SPSC,Arena,0.0546,150532,31.5063
1779981560,492,SPSC,Arena,0.0539,150532,31.4293
1779981560,493,SPSC,Arena,0.0496,150532,31.3952
1779981560,494,SPSC,Arena,0.1013,150532,31.4400
1779981560,495,SPSC,Arena,0.0861,150532,31.2567
1779981560,496,SPSC,Arena,0.0637,150532,31.2982
1779981560,497,SPSC,Arena,0.0832,150532,31.3060
1779981560,498,SPSC,Arena,0.0544,150532,31.3623
1779981560,499,SPSC,Arena,0.0665,150532,31.3909
1779981560,500,SPSC,Arena,0.0565,150532,31.2760
1779981560,501,SPSC,Arena,0.0935,150532,31.2579
1779981560,502,SPSC,Arena,0.0534,150532,31.2688
1779981560,503,SPSC,Arena,0.0613,150532,31.2896
1779981560,504,SPSC,Arena,0.0613,150532,31.5306
1779981560,505,SPSC,Arena,0.0553,150532,31.4791
1779981560,506,SPSC,Arena,0.0811,150532,31.5335
1779981560,507,SPSC,Arena,0.0749,150532,31.4717
1779981560,508,SPSC,Arena,0.0839,150532,31.3940
1779981560,509,SPSC,Arena,0.0691,150532,21.0819
1779981560,510,SPSC,Arena,0.0546,150532,31.4343
1779981560,511,SPSC,Arena,0.0744,150532,31.8580
1779981560,512,SPSC,Arena,0.0525,150532,31.9905
1779981560,513,SPSC,Arena,0.0718,150532,32.1612
1779981560,514,SPSC,Arena,0.0689,150532,32.1054
1779981560,515,SPSC,Arena,0.0672,150532,31.7640
1779981560,516,SPSC,Arena,0.0443,150532,31.4169
1779981560,517,SPSC,Arena,0.0553,150532,31.5773
1779981560,518,SPSC,Arena,0.0656,150532,31.4589
1779981560,519,SPSC,Arena,0.0648,150532,31.4982
1779981560,520,SPSC,Arena,0.0525,150532,31.2815
1779981560,521,SPSC,Arena,0.1068,150532,31.3294
1779981560,522,SPSC,Arena,0.0744,150532,31.3637
1779981560,523,SPSC,Arena,0.0618,150532,31.2479
1779981560,524,SPSC,Arena,0.0756,150532,31.2586
1779981560,525,SPSC,Arena,0.1001,150532,31.3320
1779981560,526,SPSC,Arena,0.0682,150532,31.3931
1779981560,527,SPSC,Arena,0.0725,150532,31.5444
1779981560,528,SPSC,Arena,0.0579,150532,31.5983
1779981560,529,SPSC,Arena,0.1144,150532,31.8053
1779981560,530,SPSC,Arena,0.1018,150532,31.6296
1779981560,531,SPSC,Arena,0.0978,150532,31.6210
1779981560,532,SPSC,Arena,0.0343,150532,31.2898
1779981560,533,SPSC,Arena,0.0579,150532,31.4832
1779981560,534,SPSC,Arena,0.0725,150532,31.3852
1779981560,535,SPSC,Arena,0.0529,150532,31.3351
1779981560,536,SPSC,Arena,0.1559,150532,31.3621
1779981560,537,SPSC,Arena,0.0429,150532,31.3680
1779981560,538,SPSC,Arena,0.0653,150532,31.3954
1779981561,539,SPSC,Arena,0.0615,150532,31.2996
1779981561,540,SPSC,Arena,0.0625,150532,31.3573
1779981561,541,SPSC,Arena,0.1533,150532,31.4071
1779981561,542,SPSC,Arena,0.0584,150532,31.3675
1779981561,543,SPSC,Arena,0.0670,150532,31.4400
1779981561,544,SPSC,Arena,0.0758,150532,31.4386
1779981561,545,SPSC,Arena,0.0515,150532,31.4069
1779981561,546,SPSC,Arena,0.0782,150532,31.3232
1779981561,547,SPSC,Arena,0.0608,150532,31.4445
1779981561,548,SPSC,Arena,0.0603,150532,31.3804
1779981561,549,SPSC,Arena,0.1283,150532,31.3435
1779981561,550,SPSC,Arena,0.0761,150532,41.8258
1779981561,551,SPSC,Arena,0.0610,150532,31.2865
1779981561,552,SPSC,Arena,0.0520,150532,31.3778
1779981561,553,SPSC,Arena,0.0956,150532,31.3823
1779981561,554,SPSC,Arena,0.0532,150532,31.4407
1779981561,555,SPSC,Arena,0.0715,150532,31.3873
1779981561,556,SPSC,Arena,0.0646,150532,31.3332
1779981561,557,SPSC,Arena,0.0668,150532,31.3811
1779981561,558,SPSC,Arena,0.0608,150532,31.3430
1779981561,559,SPSC,Arena,0.0606,150532,31.4956
1779981561,560,SPSC,Arena,0.0503,150532,31.3978
1779981561,561,SPSC,Arena,0.0777,150532,21.1191
1779981561,562,SPSC,Arena,0.1285,150532,31.5537
1779981561,563,SPSC,Arena,0.0620,150532,31.5068
1779981561,564,SPSC,Arena,0.0477,150532,31.3973
1779981561,565,SPSC,Arena,0.0548,150532,31.5979
1779981561,566,SPSC,Arena,0.0641,150532,31.4493
1779981561,567,SPSC,Arena,0.0582,150532,31.5101
1779981561,568,SPSC,Arena,0.0763,150532,31.5545
1779981561,569,SPSC,Arena,0.0472,150532,31.5001
1779981561,570,SPSC,Arena,0.0792,150532,31.4901
1779981561,571,SPSC,Arena,0.0763,150532,31.4384
1779981561,572,SPSC,Arena,0.0687,150532,31.3210
1779981561,573,SPSC,Arena,0.0463,150532,31.6670
1779981561,574,SPSC,Arena,0.0563,150532,32.1987
1779981561,575,SPSC,Arena,0.0553,150532,32.2568
1779981561,576,SPSC,Arena,0.0365,150532,31.9486
1779981561,577,SPSC,Arena,0.0646,150532,32.2654
1779981561,578,SPSC,Arena,0.0618,150532,31.4236
1779981561,579,SPSC,Arena,0.0691,150532,31.4527
1779981561,580,SPSC,Arena,0.1571,150532,31.4569
1779981561,581,SPSC,Arena,0.0465,150532,31.4884
1779981561,582,SPSC,Arena,0.0873,150532,31.3797
1779981561,583,SPSC,Arena,0.0722,150532,31.3318
1779981561,584,SPSC,Arena,0.0980,150532,31.4093
1779981561,585,SPSC,Arena,0.0696,150532,31.4143
1779981561,586,SPSC,Arena,0.0558,150532,31.4529
1779981561,587,SPSC,Arena,0.0896,150532,31.4596
1779981561,588,SPSC,Arena,0.0539,150532,31.3704
1779981561,589,SPSC,Arena,0.0696,150532,31.4827
1779981561,590,SPSC,Arena,0.0541,150532,31.4019
1779981561,591,SPSC,Arena,0.0703,150532,31.4007
1779981561,592,SPSC,Arena,0.0689,150532,31.4734
1779981561,593,SPSC,Arena,0.0517,150532,42.2213
1779981561,594,SPSC,Arena,0.0789,150532,31.8387
1779981561,595,SPSC,Arena,0.0808,150532,31.7280
1779981561,596,SPSC,Arena,0.0985,150532,31.6632
1779981561,597,SPSC,Arena,0.0868,150532,31.3241
1779981561,598,SPSC,Arena,0.0656,150532,31.3396
1779981561,599,SPSC,Arena,0.0758,150532,31.4021
1779981561,600,SPSC,Arena,0.0672,150532,31.3878
1779981561,601,SPSC,Arena,0.0625,150532,31.4057
1779981561,602,SPSC,Arena,0.0832,150532,31.4300
1779981561,603,SPSC,Arena,0.0722,150532,31.5886
1779981561,604,SPSC,Arena,0.0560,150532,31.6284
1779981561,605,SPSC,Arena,0.2303,150532,31.5421
1779981561,606,SPSC,Arena,0.1426,150532,31.5938
1779981561,607,SPSC,Arena,0.0589,150532,31.3706
1779981561,608,SPSC,Arena,0.0501,150532,31.3416
1779981561,609,SPSC,Arena,0.0579,150532,31.3175
1779981561,610,SPSC,Arena,0.0803,150532,31.3258
1779981561,611,SPSC,Arena,0.0620,150532,31.3396
1779981561,612,SPSC,Arena,0.0777,150532,31.5230
1779981561,613,SPSC,Arena,0.0858,150532,31.5452
1779981561,614,SPSC,Arena,0.0622,150532,31.5914
1779981561,615,SPSC,Arena,0.0710,150532,31.5919
1779981561,616,SPSC,Arena,0.0803,150532,21.0531
1779981561,617,SPSC,Arena,0.0670,150532,31.5540
1779981561,618,SPSC,Arena,0.0503,150532,31.5340
1779981561,619,SPSC,Arena,0.0763,150532,31.4701
1779981561,620,SPSC,Arena,0.0947,150532,31.4076
1779981561,621,SPSC,Arena,0.0551,150532,31.4634
1779981561,622,SPSC,Arena,0.0753,150532,31.7600
1779981561,623,SPSC,Arena,0.0696,150532,31.7194
1779981561,624,SPSC,Arena,0.1266,150532,31.5020
1779981561,625,SPSC,Arena,0.0708,150532,31.5588
1779981561,626,SPSC,Arena,0.0525,150532,31.3649
1779981561,627,SPSC,Arena,0.0501,150532,31.3828
1779981561,628,SPSC,Arena,0.1271,150532,31.4224
1779981561,629,SPSC,Arena,0.0770,150532,31.5044
1779981561,630,SPSC,Arena,0.0536,150532,31.4598
1779981561,631,SPSC,Arena,0.0741,150532,31.3668
1779981561,632,SPSC,Arena,0.0558,150532,31.2684
1779981561,633,SPSC,Arena,0.1047,150532,31.2769
1779981561,634,SPSC,Arena,0.0515,150532,31.2769
1779981561,635,SPSC,Arena,0.0598,150532,31.3380
1779981561,636,SPSC,Arena,0.0930,150532,31.3046
1779981561,637,SPSC,Arena,0.0529,150532,31.3499
1779981561,638,SPSC,Arena,0.0517,150532,31.3768
1779981561,639,SPSC,Arena,0.0529,150532,31.4341
1779981561,640,SPSC,Arena,0.0660,150532,31.4746
1779981561,641,SPSC,Arena,0.0489,150532,31.4264
1779981561,642,SPSC,Arena,0.0601,150532,31.5127
1779981561,643,SPSC,Arena,0.0544,150532,31.4138
1779981561,644,SPSC,Arena,0.0906,150532,21.1191
1779981561,645,SPSC,Arena,0.0408,150532,31.4724
1779981561,646,SPSC,Arena,0.0587,150532,31.4851
1779981561,647,SPSC,Arena,0.0529,150532,31.4250
1779981561,648,SPSC,Arena,0.0350,150532,31.2796
1779981561,649,SPSC,Arena,0.0498,150532,31.3962
1779981561,650,SPSC,Arena,0.0551,150532,31.4052
1779981561,651,SPSC,Arena,0.0515,150532,31.4152
1779981561,652,SPSC,Arena,0.1426,150532,31.4276
1779981561,653,SPSC,Arena,0.0563,150532,31.3962
1779981561,654,SPSC,Arena,0.0570,150532,31.3153
1779981561,655,SPSC,Arena,0.0684,150532,31.2989
1779981561,656,SPSC,Arena,0.1311,150532,31.3766
1779981561,657,SPSC,Arena,0.0567,150532,31.3058
1779981561,658,SPSC,Arena,0.0455,150532,31.3804
1779981561,659,SPSC,Arena,0.0582,150532,31.4910
1779981561,660,SPSC,Arena,0.0632,150532,31.4808
1779981561,661,SPSC,Arena,0.0710,150532,31.4395
1779981561,662,SPSC,Arena,0.0653,150532,31.6277
1779981561,663,SPSC,Arena,0.0901,150532,31.6041
1779981561,664,SPSC,Arena,0.0865,150532,31.5921
1779981561,665,SPSC,Arena,0.0391,150532,42.0575
1779981562,666,SPSC,Arena,0.0587,150532,31.6100
1779981562,667,SPSC,Arena,0.0505,150532,31.5444
1779981562,668,SPSC,Arena,0.0648,150532,21.2212
1779981562,669,SPSC,Arena,0.1159,150532,31.5199
1779981562,670,SPSC,Arena,0.0715,150532,31.5197
1779981562,671,SPSC,Arena,0.0315,150532,31.2688
1779981562,672,SPSC,Arena,0.0565,150532,31.4546
1779981562,673,SPSC,Arena,0.0889,150532,31.5642
1779981562,674,SPSC,Arena,0.0582,150532,31.4863
1779981562,675,SPSC,Arena,0.0682,150532,31.4362
1779981562,676,SPSC,Arena,0.1020,150532,31.4641
1779981562,677,SPSC,Arena,0.0629,150532,31.2462
1779981562,678,SPSC,Arena,0.0646,150532,31.1816
1779981562,679,SPSC,Arena,0.0818,150532,31.2159
1779981562,680,SPSC,Arena,0.0474,150532,31.1475
1779981562,681,SPSC,Arena,0.0634,150532,31.2197
1779981562,682,SPSC,Arena,0.0803,150532,31.1706
1779981562,683,SPSC,Arena,0.0861,150532,31.1162
1779981562,684,SPSC,Arena,0.0591,150532,31.2414
1779981562,685,SPSC,Arena,0.0567,150532,31.2696
1779981562,686,SPSC,Arena,0.0598,150532,31.4212
1779981562,687,SPSC,Arena,0.0715,150532,31.6133
1779981562,688,SPSC,Arena,0.0935,150532,31.5855
1779981562,689,SPSC,Arena,0.0391,150532,42.0938
1779981562,690,SPSC,Arena,0.0849,150532,31.5285
1779981562,691,SPSC,Arena,0.0641,150532,31.5208
1779981562,692,SPSC,Arena,0.0935,150532,31.4770
1779981562,693,SPSC,Arena,0.0665,150532,31.5812
1779981562,694,SPSC,Arena,0.0715,150532,31.5559
1779981562,695,SPSC,Arena,0.0725,150532,31.4083
1779981562,696,SPSC,Arena,0.1147,150532,31.2827
1779981562,697,SPSC,Arena,0.0653,150532,31.3849
1779981562,698,SPSC,Arena,0.0587,150532,31.2867
1779981562,699,SPSC,Arena,0.0584,150532,31.2881
1779981562,700,SPSC,Arena,0.0796,150532,31.3141
1779981562,701,SPSC,Arena,0.0544,150532,31.3659
1779981562,702,SPSC,Arena,0.0689,150532,31.3840
1779981562,703,SPSC,Arena,0.0620,150532,31.4431
1779981562,704,SPSC,Arena,0.0937,150532,31.2886
1779981562,705,SPSC,Arena,0.0489,150532,31.3451
1779981562,706,SPSC,Arena,0.0577,150532,31.3761
1779981562,707,SPSC,Arena,0.0582,150532,31.4121
1779981562,708,SPSC,Arena,0.0694,150532,31.4913
1779981562,709,SPSC,Arena,0.1109,150532,31.5077
1779981562,710,SPSC,Arena,0.0749,150532,31.9676
1779981562,711,SPSC,Arena,0.0846,150532,32.2921
1779981562,712,SPSC,Arena,0.0632,150532,32.6412
1779981562,713,SPSC,Arena,0.5538,150532,43.0989
1779981562,714,SPSC,Arena,0.0830,150532,32.1219
1779981562,715,SPSC,Arena,0.1647,150532,31.7707
1779981562,716,SPSC,Arena,0.0627,150532,31.6265
1779981562,717,SPSC,Arena,0.1352,150532,31.4527
1779981562,718,SPSC,Arena,0.0806,150532,31.5537
1779981562,719,SPSC,Arena,0.0904,150532,31.3592
1779981562,720,SPSC,Arena,0.0606,150532,31.3814
1779981562,721,SPSC,Arena,0.0699,150532,31.3425
1779981562,722,SPSC,Arena,0.0644,150532,31.4286
1779981562,723,SPSC,Arena,0.0558,150532,31.4741
1779981562,724,SPSC,Arena,0.0722,150532,31.4350
1779981562,725,SPSC,Arena,0.0608,150532,31.4147
1779981562,726,SPSC,Arena,0.1531,150532,31.4691
1779981562,727,SPSC,Arena,0.0622,150532,31.5068
1779981562,728,SPSC,Arena,0.0651,150532,31.4126
1779981562,729,SPSC,Arena,0.1278,150532,31.3771
1779981562,730,SPSC,Arena,0.0985,150532,31.4293
1779981562,731,SPSC,Arena,0.0672,150532,31.4655
1779981562,732,SPSC,Arena,0.0677,150532,31.4560
1779981562,733,SPSC,Arena,0.1340,150532,31.3721
1779981562,734,SPSC,Arena,0.0675,150532,31.4162
1779981562,735,SPSC,Arena,0.0598,150532,31.2672
1779981562,736,SPSC,Arena,0.0527,150532,31.3048
1779981562,737,SPSC,Arena,0.0577,150532,31.3272
1779981562,738,SPSC,Arena,0.0734,150532,31.3325
1779981562,739,SPSC,Arena,0.0594,150532,31.3458
1779981562,740,SPSC,Arena,0.0527,150532,31.2963
1779981562,741,SPSC,Arena,0.0536,150532,31.3408
1779981562,742,SPSC,Arena,0.1171,150532,31.4238
1779981562,743,SPSC,Arena,0.0770,150532,31.3041
1779981562,744,SPSC,Arena,0.0648,150532,31.2984
1779981562,745,SPSC,Arena,0.0496,150532,31.2138
1779981562,746,SPSC,Arena,0.0567,150532,31.3058
1779981562,747,SPSC,Arena,0.0632,150532,31.3642
1779981562,748,SPSC,Arena,0.0560,150532,31.3663
1779981562,749,SPSC,Arena,0.0701,150532,31.3189
1779981562,750,SPSC,Arena,0.1228,150532,31.3683
1779981562,751,SPSC,Arena,0.0689,150532,31.2746
1779981562,752,SPSC,Arena,0.0563,150532,31.3466
1779981562,753,SPSC,Arena,0.0839,150532,31.3866
1779981562,754,SPSC,Arena,0.0629,150532,31.4372
1779981562,755,SPSC,Arena,0.0832,150532,31.4734
1779981562,756,SPSC,Arena,0.0706,150532,31.4014
1779981562,757,SPSC,Arena,0.0627,150532,31.3280
1779981562,758,SPSC,Arena,0.1278,150532,31.4410
1779981562,759,SPSC,Arena,0.0625,150532,31.3826
1779981562,760,SPSC,Arena,0.0634,150532,31.4288
1779981562,761,SPSC,Arena,0.1419,150532,31.4522
1779981562,762,SPSC,Arena,0.0594,150532,31.4941
1779981562,763,SPSC,Arena,0.0734,150532,31.4689
1779981562,764,SPSC,Arena,0.0668,150532,31.3663
1779981562,765,SPSC,Arena,0.0939,150532,31.3721
1779981562,766,SPSC,Arena,0.0567,150532,31.2753
1779981562,767,SPSC,Arena,0.0989,150532,41.8460
1779981562,768,SPSC,Arena,0.0634,150532,31.4820
1779981562,769,SPSC,Arena,0.0646,150532,31.4088
1779981562,770,SPSC,Arena,0.2189,150532,31.3869
1779981562,771,SPSC,Arena,0.0460,150532,31.3962
1779981562,772,SPSC,Arena,0.0570,150532,31.2042
1779981562,773,SPSC,Arena,0.0710,150532,31.3506
1779981562,774,SPSC,Arena,0.0820,150532,31.8613
1779981562,775,SPSC,Arena,0.0479,150532,31.7955
1779981562,776,SPSC,Arena,0.0687,150532,32.1746
1779981562,777,SPSC,Arena,0.0653,150532,32.2647
1779981562,778,SPSC,Arena,0.0510,150532,31.7843
1779981562,779,SPSC,Arena,0.0951,150532,31.8174
1779981562,780,SPSC,Arena,0.0825,150532,31.5630
1779981562,781,SPSC,Arena,0.0665,150532,31.4732
1779981562,782,SPSC,Arena,0.0989,150532,31.4376
1779981562,783,SPSC,Arena,0.0761,150532,31.4565
1779981562,784,SPSC,Arena,0.0849,150532,31.4374
1779981562,785,SPSC,Arena,0.0701,150532,31.3754
1779981562,786,SPSC,Arena,0.0634,150532,21.1720
1779981562,787,SPSC,Arena,0.0968,150532,31.5194
1779981562,788,SPSC,Arena,0.0589,150532,31.4565
1779981562,789,SPSC,Arena,0.0417,150532,31.1885
1779981562,790,SPSC,Arena,0.0551,150532,31.5046
1779981562,791,SPSC,Arena,0.0501,150532,31.4207
1779981563,792,SPSC,Arena,0.0596,150532,31.4891
1779981563,793,SPSC,Arena,0.0775,150532,31.3516
1779981563,794,SPSC,Arena,0.0427,150532,31.2829
1779981563,795,SPSC,Arena,0.0498,150532,31.2927
1779981563,796,SPSC,Arena,0.0639,150532,20.8361
1779981563,797,SPSC,Arena,0.0675,150532,10.3939
1779981563,798,SPSC,Arena,0.0484,150532,21.0016
1779981563,799,SPSC,Arena,0.0489,150532,10.3266
