timestamp,request_id,queue_type,alloc_type,queue_ms,preprocess_ms,inference_ms,postprocess_ms,total_ms
1768840599,7,Naive,Standard,0.1087,2.1511,23.0871,0.1198,25.4667
1768840599,0,Naive,Standard,0.0297,2.0320,32.5515,0.0466,34.6599
1768840599,1,Naive,Standard,0.0181,2.0434,34.1814,0.5985,36.8415
1768840599,2,Naive,Standard,0.1189,2.3401,36.3842,0.3485,39.1917
1768840599,3,Naive,Standard,0.0717,2.4993,39.1353,0.3858,42.0921
1768840599,4,Naive,Standard,0.1400,3.4051,41.2934,1.1807,46.0192
1768840599,8,Naive,Standard,26.0930,1.3499,21.4011,0.0463,48.8903
1768840599,9,Naive,Standard,26.6018,2.3789,29.7249,0.1087,58.8142
1768840599,10,Naive,Standard,28.7454,2.6341,27.8779,0.1041,59.3615
1768840599,14,Naive,Standard,42.2784,0.9632,12.7337,0.1621,56.1374
1768840599,11,Naive,Standard,31.6867,2.3833,28.9717,0.1370,63.1787
1768840599,6,Naive,Standard,0.4582,5.5717,63.5207,2.1729,71.7235
1768840599,5,Naive,Standard,0.0771,2.1491,67.8526,2.0260,72.1048
1768840599,12,Naive,Standard,33.5471,3.4210,27.6541,5.4996,70.1218
1768840599,15,Naive,Standard,52.9950,2.2254,20.2070,0.0511,75.4785
1768840599,13,Naive,Standard,37.0490,11.6143,27.1050,0.0451,75.8134
1768840599,17,Naive,Standard,33.6332,1.5506,26.2558,2.4973,63.9368
1768840599,16,Naive,Standard,32.4347,2.0181,28.8608,2.8540,66.1676
1768840599,18,Naive,Standard,14.2937,2.1990,25.2825,1.6509,43.4261
1768840599,20,Naive,Standard,16.4143,2.9452,30.1896,0.0569,49.6061
1768840599,21,Naive,Standard,18.3557,2.1729,29.4513,0.0532,50.0332
1768840599,22,Naive,Standard,26.6041,1.9409,22.3715,0.1397,51.0562
1768840599,23,Naive,Standard,10.5892,2.0977,22.6459,0.0832,35.4160
1768840599,19,Naive,Standard,16.0560,3.5507,35.2688,0.0458,54.9214
1768840599,24,Naive,Standard,21.4212,2.3108,27.2166,0.1829,51.1315
1768840599,26,Naive,Standard,22.7553,2.0400,33.8456,0.1813,58.8221
1768840599,29,Naive,Standard,16.2183,1.9979,28.0438,0.0966,46.3566
1768840599,25,Naive,Standard,22.5847,2.2604,40.1899,0.0522,65.0872
1768840599,30,Naive,Standard,14.0441,1.8422,29.5329,1.1176,46.5368
1768840599,31,Naive,Standard,8.6595,1.9949,30.3314,0.0666,41.0525
1768840599,27,Naive,Standard,31.5570,2.0117,34.2925,0.5599,68.4211
1768840599,28,Naive,Standard,32.0888,2.0685,32.7189,5.3375,72.2137
1768840599,32,Naive,Standard,23.5805,2.0697,23.0687,1.2672,49.9861
1768840599,33,Naive,Standard,27.8069,2.1139,30.0567,0.0437,60.0213
1768840599,34,Naive,Standard,33.7654,1.7292,27.6272,0.0738,63.1956
1768840599,37,Naive,Standard,16.1778,1.6730,29.8125,0.0851,47.7485
1768840599,38,Naive,Standard,16.8665,1.9186,29.8876,0.1035,48.7763
1768840599,35,Naive,Standard,17.3676,1.6538,34.5936,1.1059,54.7210
1768840599,39,Naive,Standard,22.0345,2.3396,29.3383,1.0948,54.8072
1768840599,36,Naive,Standard,19.9276,1.7522,36.7857,1.0460,59.5114
1768840599,40,Naive,Standard,22.1888,2.2180,32.8119,0.6299,57.8485
1768840599,42,Naive,Standard,23.6141,1.9052,23.8753,0.1076,49.5023
1768840599,41,Naive,Standard,23.5941,2.6152,29.5191,0.4776,56.2061
1768840599,43,Naive,Standard,27.2487,1.6249,29.1291,0.1062,58.1090
1768840599,45,Naive,Standard,29.8540,1.9223,26.6420,0.1438,58.5621
1768840599,44,Naive,Standard,28.1464,1.9824,32.8477,0.0967,63.0732
1768840599,46,Naive,Standard,33.4512,2.3680,27.5876,0.0535,63.4603
1768840599,47,Naive,Standard,17.2384,3.0735,35.8793,0.0537,56.2448
1768840599,49,Naive,Standard,17.5022,1.8870,26.5453,0.0873,46.0218
1768840599,48,Naive,Standard,22.7898,2.5598,33.0687,0.0603,58.4785
1768840599,52,Naive,Standard,20.6884,1.9706,28.0249,0.0623,50.7463
1768840599,51,Naive,Standard,19.9188,2.0381,28.9993,0.0388,50.9950
1768840599,50,Naive,Standard,21.0040,4.7438,36.2722,0.1088,62.1288
1768840599,54,Naive,Standard,18.5222,2.5285,27.1144,0.2453,48.4105
1768840599,53,Naive,Standard,24.8979,2.9324,29.5668,0.0545,57.4516
1768840599,56,Naive,Standard,26.8482,2.0984,24.8427,0.1411,53.9305
1768840599,57,Naive,Standard,21.4219,1.9606,31.9374,0.0555,55.3754
1768840599,58,Naive,Standard,33.6128,1.9082,26.1431,0.1294,61.7935
1768840599,55,Naive,Standard,28.1614,2.0548,40.8542,0.4208,71.4911
1768840599,59,Naive,Standard,16.9970,2.0313,26.6007,0.0392,45.6683
1768840599,61,Naive,Standard,21.9230,2.5300,27.1579,0.2016,51.8125
1768840599,62,Naive,Standard,23.2069,2.0407,30.5435,0.0793,55.8704
1768840599,63,Naive,Standard,18.2735,2.0258,22.7337,0.0419,43.0749
1768840599,60,Naive,Standard,20.6356,2.0626,35.8106,0.0661,58.5749
1768840599,64,Naive,Standard,25.0498,1.9301,31.8880,0.3286,59.1964
1768840599,65,Naive,Standard,27.2174,1.8335,28.6862,0.1344,57.8715
1768840599,67,Naive,Standard,17.9193,2.5458,27.6955,0.0452,48.2059
1768840599,68,Naive,Standard,24.5635,1.9840,25.8452,3.2501,55.6428
1768840599,70,Naive,Standard,21.2011,2.0123,25.4673,0.0435,48.7242
1768840599,66,Naive,Standard,18.1505,1.9174,37.4869,0.0457,57.6005
1768840599,69,Naive,Standard,28.4847,2.1270,27.8821,0.0837,58.5775
1768840599,71,Naive,Standard,23.3278,2.7712,31.8665,0.1884,58.1540
1768840599,72,Naive,Standard,24.0047,1.9250,29.9254,0.6687,56.5238
1768840599,73,Naive,Standard,26.8452,2.5384,27.8436,0.0603,57.2875
1768840599,74,Naive,Standard,26.7965,2.3851,28.2307,0.0359,57.4482
1768840599,76,Naive,Standard,30.4216,2.2112,28.5586,0.1937,61.3852
1768840599,78,Naive,Standard,19.1226,2.1915,28.3248,0.0680,49.7068
1768840599,75,Naive,Standard,29.8478,2.4668,35.4069,0.3464,68.0679
1768840599,79,Naive,Standard,26.2803,2.7395,26.3585,0.0293,55.4076
1768840599,77,Naive,Standard,17.6227,1.9331,34.8286,5.5046,59.8891
1768840599,82,Naive,Standard,23.2897,1.9034,27.4917,0.0620,52.7468
1768840599,81,Naive,Standard,23.0620,1.9661,28.2072,0.0639,53.2992
1768840599,80,Naive,Standard,22.9887,1.9380,31.0149,0.0961,56.0377
1768840599,83,Naive,Standard,18.1961,2.2450,24.9884,0.1034,45.5329
1768840599,84,Naive,Standard,20.0239,2.2097,26.8886,0.0834,49.2056
1768840599,85,Naive,Standard,19.9803,2.0477,32.5276,0.4855,55.0411
1768840599,86,Naive,Standard,20.8905,0.8202,36.9616,0.1576,58.8298
1768840599,87,Naive,Standard,25.1158,4.0424,33.6185,1.2225,63.9991
1768840599,88,Naive,Standard,21.9523,1.9472,28.6646,0.0436,52.6077
1768840599,89,Naive,Standard,9.6170,2.0508,29.0707,0.1115,40.8499
1768840599,90,Naive,Standard,11.4141,1.9286,28.2630,0.0391,41.6447
1768840599,91,Naive,Standard,9.7057,3.3573,27.0244,0.1241,40.2115
1768840599,92,Naive,Standard,12.8441,3.6202,26.9441,0.1653,43.5736
1768840599,94,Naive,Standard,27.2418,2.3009,29.0181,0.0632,58.6240
1768840599,93,Naive,Standard,23.2927,2.2859,36.9131,1.1352,63.6269
1768840599,96,Naive,Standard,16.1688,1.9644,27.6536,1.3953,47.1821
1768840599,97,Naive,Standard,17.0851,2.0833,28.2745,0.0371,47.4800
1768840599,98,Naive,Standard,11.3289,2.0199,27.5025,0.0335,40.8848
1768840599,100,Naive,Standard,19.5922,2.8355,25.5709,0.0493,48.0479
1768840599,99,Naive,Standard,15.5324,2.2664,35.5775,0.1414,53.5177
1768840599,95,Naive,Standard,32.3653,2.1895,43.1207,2.1478,79.8232
1768840599,101,Naive,Standard,26.7207,2.0607,27.4966,0.0991,56.3770
1768840599,104,Naive,Standard,17.2884,2.0683,25.5059,0.0652,44.9278
1768840599,102,Naive,Standard,18.0012,2.2364,27.5001,0.0871,47.8248
1768840599,103,Naive,Standard,17.7134,1.8558,33.5200,0.1493,53.2386
1768840599,105,Naive,Standard,12.6450,1.7611,33.3192,0.0310,47.7563
1768840599,106,Naive,Standard,20.0038,2.1691,31.3921,0.1838,53.7487
1768840599,108,Naive,Standard,27.8509,5.0763,31.1726,0.0488,64.1487
1768840599,107,Naive,Standard,25.4309,2.9154,36.1584,0.1667,64.6715
1768840599,109,Naive,Standard,16.7094,2.3701,27.3007,0.0513,46.4315
1768840599,110,Naive,Standard,20.4143,2.1857,25.9936,0.1348,48.7284
1768840599,111,Naive,Standard,21.7648,2.3007,26.2116,0.0532,50.3303
1768840599,113,Naive,Standard,27.8379,1.8728,31.8713,0.0622,61.6442
1768840599,112,Naive,Standard,27.8642,1.8760,32.2144,0.2587,62.2133
1768840599,114,Naive,Standard,21.1827,1.9933,27.9287,0.0471,51.1518
1768840599,118,Naive,Standard,19.4428,2.0090,26.4745,0.1017,48.0281
1768840599,117,Naive,Standard,17.1243,2.0512,29.5140,0.0477,48.7372
1768840599,116,Naive,Standard,24.1605,1.9570,33.1688,0.5133,59.7997
1768840599,119,Naive,Standard,21.0594,2.0583,28.5881,0.0804,51.7861
1768840599,115,Naive,Standard,31.5470,1.8263,35.4180,0.0401,68.8314
1768840599,121,Naive,Standard,25.8715,2.0212,29.3930,0.1409,57.4267
1768840599,120,Naive,Standard,25.4843,1.8266,30.7143,0.0319,58.0571
1768840599,122,Naive,Standard,19.9829,2.4164,30.3485,0.1060,52.8538
1768840599,123,Naive,Standard,14.8746,1.9827,25.3151,0.1662,42.3386
1768840599,124,Naive,Standard,15.2005,1.8116,27.5039,0.2627,44.7787
1768840599,126,Naive,Standard,18.0175,2.0354,27.5845,0.0860,47.7234
1768840599,125,Naive,Standard,17.7703,2.0007,38.4138,0.1034,58.2883
1768840599,129,Naive,Standard,20.9087,1.9194,29.0654,0.0523,51.9458
1768840599,130,Naive,Standard,23.4762,2.0347,26.3411,0.0429,51.8950
1768840599,128,Naive,Standard,28.5742,1.7591,30.0171,0.0343,60.3847
1768840599,127,Naive,Standard,18.5446,5.6092,34.9125,3.7240,62.7902
1768840599,131,Naive,Standard,17.8078,2.4961,23.9000,0.1792,44.3832
1768840599,132,Naive,Standard,13.5518,2.0891,24.4623,1.8864,41.9896
1768840599,133,Naive,Standard,16.7210,2.0339,24.5745,0.0823,43.4117
1768840599,134,Naive,Standard,26.9794,2.5725,34.0611,0.4010,64.0140
1768840599,136,Naive,Standard,24.8022,1.9441,31.4400,0.0460,58.2323
1768840599,137,Naive,Standard,15.5916,1.7981,31.4235,0.0737,48.8868
1768840599,139,Naive,Standard,14.5406,2.2764,25.2204,0.0362,42.0736
1768840599,135,Naive,Standard,24.8284,1.8017,32.4768,0.0275,59.1344
1768840599,141,Naive,Standard,11.8592,2.7284,25.9437,0.0440,40.5753
1768840599,140,Naive,Standard,18.9918,2.3135,30.8904,0.9756,53.1714
1768840599,138,Naive,Standard,15.7792,1.8787,49.3517,2.5055,69.5152
1768840599,145,Naive,Standard,26.1443,1.8252,28.1640,0.1675,56.3011
1768840599,146,Naive,Standard,26.6767,1.8744,30.3145,0.3957,59.2613
1768840599,144,Naive,Standard,25.9713,1.6885,31.6336,0.1185,59.4119
1768840599,143,Naive,Standard,26.0484,2.0793,32.2707,0.0358,60.4343
1768840599,147,Naive,Standard,29.4120,2.3123,28.6516,0.1152,60.4911
1768840599,142,Naive,Standard,32.5603,2.0392,37.1983,0.3483,72.1460
1768840599,149,Naive,Standard,27.5764,2.3733,26.2487,0.2860,56.4844
1768840599,148,Naive,Standard,25.8455,2.5530,37.8393,0.0532,66.2909
1768840599,150,Naive,Standard,23.9867,2.5313,23.8578,0.1239,50.4997
1768840599,154,Naive,Standard,25.8249,2.0585,27.2969,0.0788,55.2591
1768840599,151,Naive,Standard,26.8381,1.7922,32.7894,0.0606,61.4803
1768840599,152,Naive,Standard,26.7704,1.7941,32.9551,0.0263,61.5459
1768840599,153,Naive,Standard,27.5723,2.0863,32.8858,1.4565,64.0009
1768840599,156,Naive,Standard,29.0704,2.2834,26.4112,0.1053,57.8703
1768840599,155,Naive,Standard,23.6542,2.1360,38.7305,0.0410,64.5617
1768840599,158,Naive,Standard,21.7491,2.1496,25.6884,0.0915,49.6786
1768840599,157,Naive,Standard,16.8122,2.0597,36.7332,0.0808,55.6859
1768840599,159,Naive,Standard,23.9809,1.6964,27.5233,0.2560,53.4567
1768840599,161,Naive,Standard,23.1583,1.7801,31.5883,0.0618,56.5885
1768840599,160,Naive,Standard,23.0141,1.7777,31.7936,0.7025,57.2879
1768840599,162,Naive,Standard,25.5442,2.2340,33.1913,0.0869,61.0564
1768840599,163,Naive,Standard,33.2911,2.4663,28.4653,0.3384,64.5612
1768840599,165,Naive,Standard,23.5070,2.1280,24.8651,0.1635,50.6637
1768840599,164,Naive,Standard,18.9257,3.3646,36.3315,0.0573,58.6791
1768840599,167,Naive,Standard,24.4719,2.3236,25.4383,0.0866,52.3204
1768840599,168,Naive,Standard,28.3405,1.8344,26.8361,0.1467,57.1578
1768840599,169,Naive,Standard,28.8252,1.8386,27.5186,0.1086,58.2910
1768840599,166,Naive,Standard,22.3192,2.1006,38.8527,0.0480,63.3205
1768840599,171,Naive,Standard,20.1269,3.7660,26.2375,0.4079,50.5383
1768840599,172,Naive,Standard,22.2588,2.3440,27.2244,0.0618,51.8890
1768840599,170,Naive,Standard,29.0962,2.3632,38.5809,0.1954,70.2357
1768840599,174,Naive,Standard,22.8937,2.2680,26.2881,0.1727,51.6225
1768840599,173,Naive,Standard,29.6462,2.3564,40.6980,0.1254,72.8260
1768840599,177,Naive,Standard,21.4898,2.4453,29.4523,0.1144,53.5018
1768840599,176,Naive,Standard,21.4370,2.3948,30.5733,0.1278,54.5329
1768840599,175,Naive,Standard,20.6253,1.9130,33.9347,0.0929,56.5660
1768840599,179,Naive,Standard,23.8805,1.7002,25.8821,0.0596,51.5224
1768840599,178,Naive,Standard,29.9417,1.6849,38.5062,0.1479,70.2807
1768840599,180,Naive,Standard,25.4758,2.2507,31.2716,0.0606,59.0586
1768840599,181,Naive,Standard,25.8057,2.2928,25.9753,0.1684,54.2423
1768840599,183,Naive,Standard,20.7179,1.7300,26.8571,0.0851,49.3901
1768840599,186,Naive,Standard,26.1207,2.2136,22.3599,0.0806,50.7746
1768840599,184,Naive,Standard,21.7471,2.2682,27.8228,0.1568,51.9950
1768840599,185,Naive,Standard,23.1397,2.1119,31.6605,0.1843,57.0965
1768840599,182,Naive,Standard,25.1034,2.1953,36.0451,0.5029,63.8467
1768840599,189,Naive,Standard,12.5212,2.3555,30.2542,0.1008,45.2319
1768840599,187,Naive,Standard,31.7001,2.3690,37.3089,0.0736,71.4515
1768840599,188,Naive,Standard,24.6136,2.1632,37.9044,0.0428,64.7239
1768840599,190,Naive,Standard,21.8682,2.3030,27.7457,0.0460,51.9630
1768840599,191,Naive,Standard,23.4816,2.3943,28.6783,0.0619,54.6162
1768840599,192,Naive,Standard,24.2964,2.5770,29.3328,1.1430,57.3491
1768840599,193,Naive,Standard,29.4267,2.1001,27.0308,0.0839,58.6415
1768840599,194,Naive,Standard,30.6470,2.7522,35.5118,0.2401,69.1511
1768840599,195,Naive,Standard,26.9191,2.3038,23.6345,0.0635,52.9209
1768840600,199,Naive,Standard,24.9324,1.7254,24.2540,0.0615,50.9734
1768840600,196,Naive,Standard,31.7229,1.8642,34.8261,0.1830,68.5962
1768840600,198,Naive,Standard,22.8389,1.7120,33.3153,0.0750,57.9412
1768840600,201,Naive,Standard,23.6387,2.3646,27.8798,0.0758,53.9589
1768840600,200,Naive,Standard,22.2984,2.1850,32.2324,0.1180,56.8337
1768840600,197,Naive,Standard,23.6006,1.9144,40.3045,1.5598,67.3793
1768840600,203,Naive,Standard,15.1605,1.9511,23.8901,0.0709,41.0727
1768840600,204,Naive,Standard,24.5918,2.1475,23.0407,0.0998,49.8798
1768840600,202,Naive,Standard,26.9775,2.0379,34.7057,0.0445,63.7656
1768840600,205,Naive,Standard,30.4611,1.6529,31.2547,0.1393,63.5080
1768840600,207,Naive,Standard,25.5906,2.3919,29.1581,0.0802,57.2208
1768840600,206,Naive,Standard,30.6635,1.8064,35.2818,0.0873,67.8389
1768840600,210,Naive,Standard,15.1473,1.9603,25.9733,1.0467,44.1276
1768840600,208,Naive,Standard,27.4595,3.1468,31.6273,1.0750,63.3086
1768840600,211,Naive,Standard,24.3025,1.8413,24.4652,0.1074,50.7164
1768840600,209,Naive,Standard,29.5218,5.3764,38.4414,0.1003,73.4398
1768840600,212,Naive,Standard,24.0289,2.0997,39.9394,0.1637,66.2317
1768840600,214,Naive,Standard,25.0008,2.0150,30.6489,0.0541,57.7188
1768840600,213,Naive,Standard,24.0422,2.0570,32.4886,0.0429,58.6307
1768840600,218,Naive,Standard,26.8184,2.1987,21.5764,0.0543,50.6479
1768840600,217,Naive,Standard,26.1804,3.0625,28.3275,0.1915,57.7619
1768840600,216,Naive,Standard,24.0676,2.9482,35.2264,0.2411,62.4834
1768840600,215,Naive,Standard,27.4843,2.0466,39.1775,0.8773,69.5857
1768840600,219,Naive,Standard,16.7298,2.2890,26.5381,1.4320,46.9890
1768840600,222,Naive,Standard,23.1783,1.9556,27.1663,0.0670,52.3672
1768840600,223,Naive,Standard,18.2383,2.4187,26.3067,0.0382,47.0019
1768840600,220,Naive,Standard,27.0610,2.0163,36.2294,0.0577,65.3644
1768840600,221,Naive,Standard,22.7822,2.0030,31.7953,0.0547,56.6353
1768840600,224,Naive,Standard,21.2886,3.0842,26.6336,0.0900,51.0965
1768840600,225,Naive,Standard,25.8702,2.1437,25.7834,0.1208,53.9182
1768840600,226,Naive,Standard,27.6452,2.1667,30.3379,0.9338,61.0837
1768840600,227,Naive,Standard,22.5032,2.1980,32.8837,2.5998,60.1847
1768840600,228,Naive,Standard,21.4676,1.8811,26.1135,2.1138,51.5761
1768840600,229,Naive,Standard,22.8530,1.7746,26.8325,0.0776,51.5376
1768840600,231,Naive,Standard,24.9953,1.8397,30.7462,0.0380,57.6193
1768840600,233,Naive,Standard,18.5902,2.3748,26.1116,0.0659,47.1426
1768840600,232,Naive,Standard,23.4629,2.6702,29.6548,0.0655,55.8533
1768840600,230,Naive,Standard,24.6255,5.7401,38.5550,0.0492,68.9699
1768840600,234,Naive,Standard,18.2651,3.4471,31.9659,0.5752,54.2532
1768840600,237,Naive,Standard,14.3271,1.9028,22.9594,0.1242,39.3135
1768840600,235,Naive,Standard,24.9338,2.5131,30.5134,0.8115,58.7718
1768840600,236,Naive,Standard,14.1936,2.2340,26.0488,0.0674,42.5438
1768840600,239,Naive,Standard,21.5273,1.9556,28.2726,0.0825,51.8379
1768840600,238,Naive,Standard,20.5903,1.9145,30.2059,0.0654,52.7760
1768840600,240,Naive,Standard,22.3753,2.1617,28.2262,0.1610,52.9242
1768840600,241,Naive,Standard,29.1865,2.0714,31.0715,0.0458,62.3752
1768840600,245,Naive,Standard,22.3977,2.1575,25.8237,0.0329,50.4119
1768840600,242,Naive,Standard,25.9880,2.0250,34.3821,2.4359,64.8310
1768840600,243,Naive,Standard,19.4741,1.7349,38.3647,0.0841,59.6578
1768840600,244,Naive,Standard,20.9784,2.4144,36.7414,0.0470,60.1812
1768840600,246,Naive,Standard,15.9752,1.8577,28.1544,0.0503,46.0375
1768840600,247,Naive,Standard,10.1062,1.7514,29.9877,0.1261,41.9713
1768840600,248,Naive,Standard,10.1528,1.8653,30.0937,0.0744,42.1861
1768840600,249,Naive,Standard,22.0602,2.1004,23.4257,0.1831,47.7694
1768840600,250,Naive,Standard,19.7613,2.0504,26.8294,0.2041,48.8451
1768840600,251,Naive,Standard,24.2265,2.5388,35.8221,0.0445,62.6318
1768840600,254,Naive,Standard,11.7886,2.5109,29.1011,0.0224,43.4229
1768840600,255,Naive,Standard,14.4127,1.8762,29.7352,0.0527,46.0769
1768840600,256,Naive,Standard,14.7076,1.8390,29.4368,0.0957,46.0791
1768840600,253,Naive,Standard,29.0812,1.9122,35.5492,0.0507,66.5933
1768840600,252,Naive,Standard,28.5724,2.0127,36.8844,0.0420,67.5115
1768840600,257,Naive,Standard,16.2262,2.1142,30.4551,0.3980,49.1935
1768840600,258,Naive,Standard,24.7432,1.8904,29.6553,1.1318,57.4208
1768840600,259,Naive,Standard,27.0665,1.8467,24.5130,0.1003,53.5265
1768840600,260,Naive,Standard,18.5264,0.7933,27.1923,0.0754,46.5873
1768840600,263,Naive,Standard,20.9179,1.7235,27.2615,0.1608,50.0637
1768840600,261,Naive,Standard,20.8540,1.7408,32.2161,0.0853,54.8962
1768840600,262,Naive,Standard,20.2594,1.7398,32.2965,0.0450,54.3408
1768840600,264,Naive,Standard,21.3315,1.9843,37.5546,0.0587,60.9291
1768840600,265,Naive,Standard,21.5659,2.8595,34.3731,0.5057,59.3043
1768840600,266,Naive,Standard,22.1275,2.0664,27.2813,0.0835,51.5587
1768840600,268,Naive,Standard,13.4297,1.9967,24.6671,0.1131,40.2066
1768840600,269,Naive,Standard,14.7524,2.0096,24.0242,0.0889,40.8751
1768840600,267,Naive,Standard,12.0733,2.3427,30.5654,2.0039,46.9853
1768840600,271,Naive,Standard,18.2676,1.7854,28.1980,0.1884,48.4394
1768840600,270,Naive,Standard,18.2806,1.7800,29.5296,0.0812,49.6714
1768840600,274,Naive,Standard,23.3141,2.5371,23.4144,0.0754,49.3410
1768840600,272,Naive,Standard,19.7690,2.8647,37.7409,0.0695,60.4441
1768840600,276,Naive,Standard,15.1936,2.0381,25.3422,0.0496,42.6235
1768840600,273,Naive,Standard,23.2043,2.9940,36.0847,0.0419,62.3249
1768840600,275,Naive,Standard,17.7743,3.0648,30.1009,0.1107,51.0507
1768840600,278,Naive,Standard,22.7441,1.7615,27.0207,0.1244,51.6507
1768840600,279,Naive,Standard,23.8513,1.8630,26.5373,0.0676,52.3192
1768840600,277,Naive,Standard,17.1511,2.3052,37.2333,0.7759,57.4654
1768840600,280,Naive,Standard,14.0898,2.2243,25.6383,0.0865,42.0389
1768840600,282,Naive,Standard,26.2902,1.9577,25.6849,0.2684,54.2013
1768840600,284,Naive,Standard,20.2475,1.5297,28.7648,0.3506,50.8926
1768840600,283,Naive,Standard,26.4685,1.7038,33.2264,0.1040,61.5026
1768840600,281,Naive,Standard,24.7911,1.7412,35.6757,0.4528,62.6609
1768840600,285,Naive,Standard,23.4491,2.1063,28.1734,0.0893,53.8182
1768840600,286,Naive,Standard,23.9562,2.4780,30.8865,0.2660,57.5866
1768840600,288,Naive,Standard,12.2692,1.8111,26.6807,2.8647,43.6257
1768840600,287,Naive,Standard,20.1812,1.8035,30.0287,0.1061,52.1194
1768840600,289,Naive,Standard,24.8440,2.3642,22.4132,0.0727,49.6941
1768840600,290,Naive,Standard,28.7758,1.8047,29.3751,0.1405,60.0962
1768840600,291,Naive,Standard,32.0129,1.8460,32.4176,0.0430,66.3195
1768840600,293,Naive,Standard,24.8634,2.5273,32.7074,0.1366,60.2348
1768840600,296,Naive,Standard,15.4185,1.9570,26.3492,0.0597,43.7845
1768840600,294,Naive,Standard,28.8359,2.7802,29.8363,0.1320,61.5845
1768840600,292,Naive,Standard,26.2044,4.6241,38.7115,0.1691,69.7092
1768840600,297,Naive,Standard,19.8758,2.0968,25.6355,0.0554,47.6635
1768840600,295,Naive,Standard,15.2825,1.9796,33.2448,0.0419,50.5489
1768840600,298,Naive,Standard,26.1168,2.6317,26.7542,0.1396,55.6422
1768840600,301,Naive,Standard,24.0464,2.5815,27.6926,0.0602,54.3807
1768840600,299,Naive,Standard,23.8299,2.4677,34.6477,0.0934,61.0388
1768840600,300,Naive,Standard,29.1467,2.2977,30.1696,0.1338,61.7479
1768840600,302,Naive,Standard,21.4169,1.8888,29.4852,0.0629,52.8538
1768840600,304,Naive,Standard,25.5051,1.8490,26.4332,0.0525,53.8397
1768840600,305,Naive,Standard,26.5991,2.4015,32.2339,0.0520,61.2865
1768840600,303,Naive,Standard,24.5450,1.7859,35.1581,0.1562,61.6452
1768840600,306,Naive,Standard,23.4067,1.8562,25.7744,0.5061,51.5435
1768840600,311,Naive,Standard,18.3193,2.5741,24.9322,0.0559,45.8816
1768840600,307,Naive,Standard,16.0754,2.4062,30.4741,0.0722,49.0279
1768840600,309,Naive,Standard,17.2775,2.0667,29.3173,0.0866,48.7481
1768840600,310,Naive,Standard,17.5228,2.3951,29.2447,0.0430,49.2055
1768840600,312,Naive,Standard,25.8195,2.4129,27.7184,0.1168,56.0675
1768840600,308,Naive,Standard,17.1163,2.5726,37.4622,0.1535,57.3046
1768840600,313,Naive,Standard,19.4169,2.2072,37.1104,0.1596,58.8940
1768840600,314,Naive,Standard,16.4057,2.2871,36.2438,0.1412,55.0778
1768840600,315,Naive,Standard,10.3873,1.6875,25.9855,0.2045,38.2648
1768840600,317,Naive,Standard,12.6876,2.1301,29.7705,0.0709,44.6591
1768840600,318,Naive,Standard,13.0706,2.2487,30.9777,0.9770,47.2741
1768840600,316,Naive,Standard,12.1201,2.3262,33.2174,0.4931,48.1569
1768840600,319,Naive,Standard,20.1191,2.4409,28.4678,0.2125,51.2403
1768840600,320,Naive,Standard,14.1628,2.0866,33.6026,0.6483,50.5002
1768840600,323,Naive,Standard,18.9911,2.1850,24.2197,0.0418,45.4375
1768840600,321,Naive,Standard,23.3507,3.9970,35.9938,0.1328,63.4743
1768840600,322,Naive,Standard,26.8846,2.2459,35.5166,0.0464,64.6936
1768840600,324,Naive,Standard,25.3445,2.0454,30.3522,0.0625,57.8046
1768840600,325,Naive,Standard,24.0866,2.5117,28.9151,0.1030,55.6164
1768840600,327,Naive,Standard,20.3004,2.1265,29.2536,0.1496,51.8301
1768840600,326,Naive,Standard,24.1588,2.5168,34.2837,0.0881,61.0474
1768840600,328,Naive,Standard,25.3943,2.6773,32.2663,0.4027,60.7406
1768840600,329,Naive,Standard,26.1464,2.2157,25.4221,0.0674,53.8516
1768840600,331,Naive,Standard,24.9087,2.2159,31.2245,0.0699,58.4190
1768840600,330,Naive,Standard,27.2581,2.0645,36.5750,0.0946,65.9922
1768840600,332,Naive,Standard,24.7987,1.8147,31.2064,0.0607,57.8805
1768840600,333,Naive,Standard,26.5859,2.5572,30.9335,0.1029,60.1795
1768840600,334,Naive,Standard,24.6795,2.7487,28.0202,0.0501,55.4985
1768840600,335,Naive,Standard,26.2558,2.0014,28.5531,0.1448,56.9551
1768840600,337,Naive,Standard,24.0241,2.1252,22.7540,0.1250,49.0283
1768840600,336,Naive,Standard,24.1324,1.9538,30.3927,0.8161,57.2950
1768840600,338,Naive,Standard,21.6484,1.8934,31.2888,0.0591,54.8897
1768840600,340,Naive,Standard,22.8023,1.9089,29.5629,0.1911,54.4653
1768840600,341,Naive,Standard,25.1599,2.0477,30.1573,0.1399,57.5048
1768840600,342,Naive,Standard,26.4628,1.8050,29.7386,0.1190,58.1254
1768840600,344,Naive,Standard,14.1193,2.7608,26.0364,0.0473,42.9638
1768840600,343,Naive,Standard,20.9096,2.5977,34.9946,0.1284,58.6304
1768840600,339,Naive,Standard,22.6308,2.2800,43.2487,0.4616,68.6211
1768840600,345,Naive,Standard,22.0490,2.0933,29.2025,0.8869,54.2318
1768840600,346,Naive,Standard,23.0470,1.9129,31.7302,0.0556,56.7457
1768840600,347,Naive,Standard,17.5014,2.0117,28.5128,0.0487,48.0746
1768840600,350,Naive,Standard,20.0542,2.1492,28.4253,0.1458,50.7745
1768840600,349,Naive,Standard,19.9989,1.9565,29.2382,0.0557,51.2492
1768840600,348,Naive,Standard,20.6633,2.0635,30.2671,0.0308,53.0248
1768840600,351,Naive,Standard,27.2827,2.5078,29.9366,0.0590,59.7861
1768840600,353,Naive,Standard,23.0248,2.1474,31.9989,0.0806,57.2517
1768840600,352,Naive,Standard,28.4586,2.2283,36.5608,0.0870,67.3347
1768840600,355,Naive,Standard,25.3150,1.8914,28.6354,0.0949,55.9367
1768840600,354,Naive,Standard,24.6729,1.8429,29.8289,0.2549,56.5996
1768840600,356,Naive,Standard,29.8852,1.6316,25.8434,0.1553,57.5155
1768840600,357,Naive,Standard,18.7716,2.1417,26.7239,0.0688,47.7059
1768840600,358,Naive,Standard,19.0389,4.6071,25.5504,0.1107,49.3072
1768840600,359,Naive,Standard,24.7379,2.2283,32.6498,0.1633,59.7794
1768840600,360,Naive,Standard,30.0974,2.2242,32.9211,0.0505,65.2932
1768840600,364,Naive,Standard,20.8222,1.9880,25.2574,0.1480,48.2156
1768840600,362,Naive,Standard,30.3430,2.0801,28.9945,0.0686,61.4863
1768840600,361,Naive,Standard,33.9963,2.7432,35.4296,0.0288,72.1979
1768840600,365,Naive,Standard,21.4577,2.0844,26.5888,0.0366,50.1676
1768840600,366,Naive,Standard,22.9097,2.1057,27.3238,0.2962,52.6353
1768840600,363,Naive,Standard,25.6091,2.2605,33.6350,1.0910,62.5955
1768840600,367,Naive,Standard,25.1012,2.1942,26.8822,0.0944,54.2721
1768840600,372,Naive,Standard,14.3951,1.9443,26.6206,0.1593,43.1193
1768840600,371,Naive,Standard,14.2777,1.8635,28.0840,0.0533,44.2785
1768840600,368,Naive,Standard,24.7895,2.1292,35.0201,0.0358,61.9746
1768840600,370,Naive,Standard,14.8280,2.0392,29.1406,0.0433,46.0511
1768840600,369,Naive,Standard,29.6006,2.3519,34.4111,0.2254,66.5890
1768840600,373,Naive,Standard,17.6037,2.2590,28.9318,0.0665,48.8610
1768840600,374,Naive,Standard,14.1932,3.0392,28.2830,0.3254,45.8408
1768840600,375,Naive,Standard,24.0026,2.4650,28.7246,0.1500,55.3422
1768840600,376,Naive,Standard,21.7965,2.1120,27.0633,0.0760,51.0478
1768840600,377,Naive,Standard,22.2855,1.9236,32.5593,0.0694,56.8378
1768840600,379,Naive,Standard,23.0418,2.6606,30.8629,0.0799,56.6452
1768840600,378,Naive,Standard,22.1335,1.9598,33.1781,0.2502,57.5216
1768840600,381,Naive,Standard,26.7848,2.2087,31.2507,0.0984,60.3427
1768840600,380,Naive,Standard,26.8362,2.1790,31.4953,0.1103,60.6208
1768840600,382,Naive,Standard,26.2297,2.1102,33.4904,0.2883,62.1185
1768840600,383,Naive,Standard,24.4799,2.2925,24.3608,0.7877,51.9210
1768840600,384,Naive,Standard,17.8224,2.0267,27.5862,0.1125,47.5477
1768840600,386,Naive,Standard,23.1740,2.2780,30.4208,0.0677,55.9406
1768840600,389,Naive,Standard,18.6396,2.1929,29.2140,0.1071,50.1535
1768840600,388,Naive,Standard,18.6618,2.1463,29.6381,0.0396,50.4859
1768840600,387,Naive,Standard,23.6578,2.5153,32.8690,0.2780,59.3201
1768840600,385,Naive,Standard,23.4675,2.4434,34.5466,0.0313,60.4888
1768840600,391,Naive,Standard,24.8349,2.4557,29.4947,0.0546,56.8399
1768840600,390,Naive,Standard,23.8387,4.7830,29.4546,0.0552,58.1315
1768840600,392,Naive,Standard,26.7429,1.9180,21.7868,0.1489,50.5966
1768840600,393,Naive,Standard,24.1982,2.3815,25.8783,0.0896,52.5477
1768840600,394,Naive,Standard,23.6059,1.7765,27.1140,0.7079,53.2043
1768840600,395,Naive,Standard,23.6767,1.8197,31.7623,0.1386,57.3973
1768840600,396,Naive,Standard,24.3455,2.0992,33.5356,0.4004,60.3807
1768840600,397,Naive,Standard,24.7317,1.8113,36.2037,0.0436,62.7903
1768840600,398,Naive,Standard,30.2484,2.1073,33.4668,0.5641,66.3866
1768840600,400,Naive,Standard,12.1391,3.0195,28.2491,0.0335,43.4412
1768840600,399,Naive,Standard,24.4459,2.0211,34.3749,0.5901,61.4319
1768840600,401,Naive,Standard,18.1755,2.0383,25.2096,0.1187,45.5420
1768840600,402,Naive,Standard,11.3409,2.0000,23.6197,0.1530,37.1135
1768840600,403,Naive,Standard,15.2387,1.8630,28.0057,0.1844,45.2918
1768840600,404,Naive,Standard,18.1273,2.5545,35.9250,0.0629,56.6696
1768840600,407,Naive,Standard,23.9390,1.9961,31.1457,0.0426,57.1234
1768840600,408,Naive,Standard,25.6921,2.3234,29.5932,0.0327,57.6414
1768840600,406,Naive,Standard,23.8865,1.9784,35.2175,0.5523,61.6347
1768840600,405,Naive,Standard,20.3348,1.9658,40.1606,0.1337,62.5950
1768840600,409,Naive,Standard,21.3088,1.9938,28.2696,0.0826,51.6548
1768840600,410,Naive,Standard,18.6778,2.4334,25.7565,0.0583,46.9260
1768840600,411,Naive,Standard,24.8381,2.5426,28.8222,0.0978,56.3007
1768840600,414,Naive,Standard,20.1272,2.3801,29.6266,0.0682,52.2022
1768840600,413,Naive,Standard,19.4838,1.9856,31.1710,0.0338,52.6742
1768840600,412,Naive,Standard,19.5243,2.0507,34.0878,0.0853,55.7480
1768840600,415,Naive,Standard,23.7568,3.6363,29.3373,1.2069,57.9373
1768840600,417,Naive,Standard,19.6544,2.0749,28.6515,1.1237,51.5046
1768840600,418,Naive,Standard,19.6491,2.0847,28.4925,2.1354,52.3617
1768840600,416,Naive,Standard,24.3667,2.9565,36.8226,0.5212,64.6669
1768840600,419,Naive,Standard,29.2644,2.8965,25.2790,0.7294,58.1694
1768840600,420,Naive,Standard,23.9495,2.0897,29.7764,0.0681,55.8837
1768840600,421,Naive,Standard,24.0146,2.2230,32.6695,0.0515,58.9586
1768840600,424,Naive,Standard,28.8728,2.5786,27.9037,0.0734,59.4285
1768840600,425,Naive,Standard,24.7639,2.1094,32.6384,0.0601,59.5718
1768840600,423,Naive,Standard,29.1707,4.6727,30.3802,0.9118,65.1355
1768840600,427,Naive,Standard,17.6436,2.2143,25.4500,0.7540,46.0619
1768840600,422,Naive,Standard,25.9177,2.5756,38.3442,1.3786,68.2161
1768840600,426,Naive,Standard,30.2098,2.4268,28.3768,2.1382,63.1516
1768840600,428,Naive,Standard,22.5455,2.1305,27.1383,0.0760,51.8903
1768840600,430,Naive,Standard,22.4609,2.1878,28.2266,0.0454,52.9208
1768840600,429,Naive,Standard,25.6954,2.4147,31.3557,0.1562,59.6221
1768840600,433,Naive,Standard,29.2884,2.4249,28.4283,0.0716,60.2132
1768840600,432,Naive,Standard,27.6589,2.5999,31.6181,0.0445,61.9214
1768840600,435,Naive,Standard,24.9740,2.1652,29.7168,0.1119,56.9678
1768840600,434,Naive,Standard,24.1443,4.7596,30.9435,0.0522,59.8996
1768840600,431,Naive,Standard,27.7672,1.7709,36.7965,0.0327,66.3673
1768840600,436,Naive,Standard,15.0328,2.1820,26.1136,0.1144,43.4429
1768840600,437,Naive,Standard,20.7921,2.1275,25.8680,0.2047,48.9924
1768840600,438,Naive,Standard,22.5413,2.1780,29.6174,0.1362,54.4729
1768840601,439,Naive,Standard,27.6588,1.8593,26.0806,0.7320,56.3307
1768840601,440,Naive,Standard,29.2173,2.0441,30.3674,0.3318,61.9606
1768840601,441,Naive,Standard,30.4347,1.9773,30.0222,0.0768,62.5111
1768840601,442,Naive,Standard,26.1097,2.4749,32.6481,0.3325,61.5653
1768840601,444,Naive,Standard,19.8900,2.6746,25.1427,0.0522,47.7594
1768840601,443,Naive,Standard,26.1035,1.8185,36.8753,0.0697,64.8670
1768840601,445,Naive,Standard,21.7022,2.0904,24.3391,0.0902,48.2219
1768840601,446,Naive,Standard,23.3995,2.3647,32.9382,0.4411,59.1435
1768840601,447,Naive,Standard,21.7901,2.0946,32.6201,0.1785,56.6833
1768840601,448,Naive,Standard,27.2933,1.9693,29.9358,0.3168,59.5152
1768840601,449,Naive,Standard,23.8751,1.9711,32.8212,0.0491,58.7164
1768840601,451,Naive,Standard,31.6276,2.1233,27.8587,0.1046,61.7142
1768840601,450,Naive,Standard,29.9640,2.0200,30.4449,0.0466,62.4755
1768840601,453,Naive,Standard,20.1736,2.0505,28.4563,0.1333,50.8137
1768840601,452,Naive,Standard,17.7724,4.6670,39.4233,0.3184,62.1810
1768840601,455,Naive,Standard,28.7341,2.4246,29.4496,0.1465,60.7548
1768840601,456,Naive,Standard,25.4579,2.1515,28.6081,0.4005,56.6179
1768840601,454,Naive,Standard,30.8488,2.5977,32.6125,0.7542,66.8132
1768840601,457,Naive,Standard,22.4926,2.0963,27.1380,0.0641,51.7910
1768840601,458,Naive,Standard,17.1238,1.9403,26.6485,0.1707,45.8833
1768840601,459,Naive,Standard,17.5303,1.7860,26.7688,1.6460,47.7311
1768840601,460,Naive,Standard,21.7515,3.1505,25.1693,0.1366,50.2079
1768840601,461,Naive,Standard,32.7796,2.1650,37.3436,0.1134,72.4015
1768840601,463,Naive,Standard,26.7514,1.9453,29.8159,0.0582,58.5709
1768840601,465,Naive,Standard,27.9422,1.9546,31.0851,0.0670,61.0488
1768840601,467,Naive,Standard,17.0358,2.2983,26.0724,0.8936,46.3001
1768840601,464,Naive,Standard,27.1739,1.9076,32.9870,0.3839,62.4524
1768840601,466,Naive,Standard,15.1532,2.1336,29.6163,0.0323,46.9354
1768840601,462,Naive,Standard,24.8107,2.2727,36.0773,0.8023,63.9630
1768840601,468,Naive,Standard,19.7428,2.0022,30.4185,0.1199,52.2833
1768840601,470,Naive,Standard,25.7792,2.0347,29.0507,0.1669,57.0315
1768840601,471,Naive,Standard,21.3548,1.8069,30.5351,0.0898,53.7866
1768840601,474,Naive,Standard,22.0166,1.8875,29.5146,0.0533,53.4720
1768840601,473,Naive,Standard,22.1143,1.9185,29.7435,0.0354,53.8117
1768840601,475,Naive,Standard,15.7506,2.2329,29.1612,0.0307,47.1754
1768840601,472,Naive,Standard,21.9455,2.1682,31.8045,0.0440,55.9622
1768840601,469,Naive,Standard,25.1574,2.4186,37.6414,0.5686,65.7860
1768840601,476,Naive,Standard,20.0423,2.2532,30.6163,0.5071,53.4189
1768840601,477,Naive,Standard,27.8514,2.0965,28.7680,0.0824,58.7983
1768840601,478,Naive,Standard,24.7854,1.7581,30.1806,0.1444,56.8685
1768840601,480,Naive,Standard,17.1760,1.9124,29.8575,0.0437,48.9896
1768840601,479,Naive,Standard,24.8827,1.9117,31.6563,0.0406,58.4914
1768840601,482,Naive,Standard,18.5075,1.8576,34.3764,1.0326,55.7742
1768840601,481,Naive,Standard,17.9704,1.9731,36.8798,0.0427,56.8660
1768840601,484,Naive,Standard,23.4934,2.8998,31.4397,1.1722,59.0050
1768840601,483,Naive,Standard,20.3626,1.8507,35.8437,2.3219,60.3790
1768840601,485,Naive,Standard,15.9463,2.0851,27.5403,0.0524,45.6241
1768840601,486,Naive,Standard,20.8391,2.5574,27.7003,0.0662,51.1630
1768840601,487,Naive,Standard,20.9024,2.6234,30.2017,1.0688,54.7963
1768840601,488,Naive,Standard,22.3952,1.9837,33.9840,0.4234,58.7863
1768840601,489,Naive,Standard,28.0522,2.7446,27.7609,0.1325,58.6902
1768840601,490,Naive,Standard,28.6965,1.9321,32.6360,0.1470,63.4115
1768840601,491,Naive,Standard,31.7149,6.9712,28.0011,0.5379,67.2251
1768840601,492,Naive,Standard,30.4587,7.8351,32.8120,0.0622,71.1680
1768840601,493,Naive,Standard,17.4927,1.9941,26.9207,0.0418,46.4493
1768840601,494,Naive,Standard,23.0429,2.4215,25.6713,0.1792,51.3148
1768840601,495,Naive,Standard,26.7449,2.8570,27.1286,0.4560,57.1865
1768840601,497,Naive,Standard,22.0060,2.1062,27.7122,0.2469,52.0713
1768840601,496,Naive,Standard,28.2406,2.0826,34.4395,0.0688,64.8315
1768840601,498,Naive,Standard,23.1821,2.0392,32.6091,0.1101,57.9404
1768840601,499,Naive,Standard,21.3217,2.3822,28.7586,0.0285,52.4909
1768840601,501,Naive,Standard,22.8609,2.0797,24.3538,0.0640,49.3584
1768840601,502,Naive,Standard,24.1553,2.1153,24.7665,0.0634,51.1004
1768840601,500,Naive,Standard,27.4408,2.0638,33.1162,1.6364,64.2572
1768840601,504,Naive,Standard,15.7780,2.9073,23.7873,0.3694,42.8420
1768840601,503,Naive,Standard,27.8593,2.3750,31.2916,0.0680,61.5938
1768840601,508,Naive,Standard,13.7644,2.1497,25.2947,0.1196,41.3284
1768840601,509,Naive,Standard,17.9136,2.1954,24.9303,0.0866,45.1258
1768840601,505,Naive,Standard,21.9779,1.9649,37.0318,0.0399,61.0145
1768840601,507,Naive,Standard,25.2512,2.0659,35.5544,0.3658,63.2372
1768840601,506,Naive,Standard,25.1404,1.9361,35.9758,2.2406,65.2929
1768840601,511,Naive,Standard,27.2653,2.2424,27.2737,0.2096,56.9910
1768840601,512,Naive,Standard,19.3652,2.2563,26.4449,0.2793,48.3457
1768840601,510,Naive,Standard,22.3472,2.3931,35.9334,0.1155,60.7892
1768840601,513,Naive,Standard,23.8599,2.0234,26.4147,0.0790,52.3771
1768840601,514,Naive,Standard,28.7352,2.2443,26.2034,0.1170,57.2999
1768840601,516,Naive,Standard,26.2111,2.9337,26.9830,0.1774,56.3052
1768840601,515,Naive,Standard,24.0482,2.7443,35.4750,0.1591,62.4267
1768840601,518,Naive,Standard,25.8433,1.5606,26.8624,0.0901,54.3564
1768840601,517,Naive,Standard,23.4202,2.0964,35.1347,0.3254,60.9767
1768840601,519,Naive,Standard,24.3900,2.1209,29.9759,0.0693,56.5561
1768840601,521,Naive,Standard,17.2067,2.3243,24.4048,0.3476,44.2835
1768840601,520,Naive,Standard,25.6191,6.9274,32.6587,0.1858,65.3910
1768840601,522,Naive,Standard,22.4675,2.0776,26.4344,0.1074,51.0870
1768840601,523,Naive,Standard,19.7304,2.4502,26.6943,0.1144,48.9893
1768840601,525,Naive,Standard,26.9571,2.0150,26.8083,0.0686,55.8490
1768840601,524,Naive,Standard,25.3842,2.4347,36.1554,0.1423,64.1166
1768840601,526,Naive,Standard,23.0538,2.0483,34.4299,0.7189,60.2509
1768840601,527,Naive,Standard,26.3876,2.6005,33.0770,0.0482,62.1133
1768840601,530,Naive,Standard,22.9998,2.0322,23.7038,0.0591,48.7949
1768840601,528,Naive,Standard,29.8557,2.6807,30.3895,0.0443,62.9703
1768840601,531,Naive,Standard,25.0845,1.7500,27.1050,0.0890,54.0284
1768840601,529,Naive,Standard,21.4464,2.2800,34.4049,0.5632,58.6945
1768840601,532,Naive,Standard,17.0512,3.2811,23.3041,0.2317,43.8680
1768840601,534,Naive,Standard,26.5936,1.9713,30.0232,0.0986,58.6866
1768840601,536,Naive,Standard,21.8723,2.6329,29.4056,0.0516,53.9624
1768840601,537,Naive,Standard,15.8831,2.5282,31.4034,0.1419,49.9565
1768840601,535,Naive,Standard,28.6217,2.1070,33.5929,0.1893,64.5110
1768840601,533,Naive,Standard,24.9995,2.0300,38.6825,0.6823,66.3943
1768840601,539,Naive,Standard,24.5338,2.2416,29.1380,0.1123,56.0257
1768840601,538,Naive,Standard,23.5330,3.8864,33.9945,0.1636,61.5775
1768840601,540,Naive,Standard,15.8580,2.4584,36.2787,0.2606,54.8557
1768840601,542,Naive,Standard,34.3861,1.9592,26.7041,0.0718,63.1213
1768840601,541,Naive,Standard,31.2744,1.8547,31.3497,0.2459,64.7248
1768840601,544,Naive,Standard,25.4044,2.0920,33.7011,0.3665,61.5640
1768840601,543,Naive,Standard,25.1765,2.0569,34.1472,0.5910,61.9717
1768840601,546,Naive,Standard,28.0173,2.1109,27.6713,0.5169,58.3164
1768840601,545,Naive,Standard,26.5838,2.7782,34.1945,0.0503,63.6068
1768840601,547,Naive,Standard,29.1750,2.0172,24.6653,0.0368,55.8944
1768840601,548,Naive,Standard,28.4709,3.3219,31.4348,0.1120,63.3397
1768840601,549,Naive,Standard,22.0560,1.8973,24.8523,0.0639,48.8694
1768840601,550,Naive,Standard,20.8142,1.9137,32.4340,0.0696,55.2314
1768840601,555,Naive,Standard,16.1978,2.0351,26.8910,0.0854,45.2093
1768840601,553,Naive,Standard,29.6089,2.5196,28.6989,0.1253,60.9527
1768840601,552,Naive,Standard,29.6805,1.9817,29.7765,0.0607,61.4994
1768840601,551,Naive,Standard,29.6501,2.0540,32.2713,0.0376,64.0131
1768840601,554,Naive,Standard,27.7936,2.0618,34.7698,0.1155,64.7408
1768840601,557,Naive,Standard,18.9033,2.7500,23.1895,0.1555,44.9984
1768840601,556,Naive,Standard,30.2491,2.9307,33.6134,0.0827,66.8759
1768840601,560,Naive,Standard,17.3041,2.6262,25.9643,0.0921,45.9866
1768840601,559,Naive,Standard,18.1350,2.4818,27.5653,0.0739,48.2560
1768840601,561,Naive,Standard,17.5524,2.2241,27.9663,0.0271,47.7699
1768840601,558,Naive,Standard,26.7654,2.0477,35.5861,0.0295,64.4287
1768840601,562,Naive,Standard,19.5556,2.1263,32.7580,0.0461,54.4860
1768840601,564,Naive,Standard,10.6077,1.9304,25.6190,0.0493,38.2065
1768840601,563,Naive,Standard,23.7923,2.0960,35.0521,2.9551,63.8956
1768840601,565,Naive,Standard,20.9271,1.9839,34.0661,0.1034,57.0805
1768840601,566,Naive,Standard,28.4200,2.0118,29.0578,0.0519,59.5416
1768840601,567,Naive,Standard,27.3317,2.0363,30.5168,0.0841,59.9690
1768840601,568,Naive,Standard,28.1784,2.4850,30.3532,0.0447,61.0613
1768840601,571,Naive,Standard,21.5243,2.1500,25.9056,0.2598,49.8396
1768840601,570,Naive,Standard,23.4956,2.5694,29.9660,0.1025,56.1335
1768840601,569,Naive,Standard,28.9594,4.2197,37.7350,0.9313,71.8455
1768840601,572,Naive,Standard,30.3873,4.4373,34.0908,0.0701,68.9855
1768840601,573,Naive,Standard,25.1954,1.9288,29.9396,0.0683,57.1321
1768840601,575,Naive,Standard,25.9261,2.4108,26.0322,0.0639,54.4330
1768840601,574,Naive,Standard,27.5216,1.7778,31.1293,0.1743,60.6031
1768840601,577,Naive,Standard,24.7394,3.3282,24.0772,0.0610,52.2058
1768840601,576,Naive,Standard,27.0662,2.3638,29.2666,0.0916,58.7882
1768840601,578,Naive,Standard,21.5753,2.6154,28.9945,0.0903,53.2754
1768840601,579,Naive,Standard,25.2840,2.8170,32.9418,0.2722,61.3149
1768840601,581,Naive,Standard,19.2294,1.9677,28.7057,0.0592,49.9619
1768840601,580,Naive,Standard,33.7717,1.9760,34.9611,0.0490,70.7579
1768840601,584,Naive,Standard,18.9950,1.6451,28.3921,0.0431,49.0753
1768840601,582,Naive,Standard,20.5922,1.8803,31.9116,0.0351,54.4192
1768840601,583,Naive,Standard,19.2247,2.5203,29.3510,0.0629,51.1588
1768840601,585,Naive,Standard,19.8568,2.0738,29.3850,0.0937,51.4093
1768840601,586,Naive,Standard,26.6470,2.1750,26.3997,0.1068,55.3285
1768840601,587,Naive,Standard,34.6332,2.0754,34.8778,0.2523,71.8387
1768840601,588,Naive,Standard,13.5526,2.0351,26.9809,0.0667,42.6353
1768840601,590,Naive,Standard,17.3189,1.9032,29.1837,0.0580,48.4638
1768840601,592,Naive,Standard,17.2926,2.0925,30.5860,0.0867,50.0579
1768840601,591,Naive,Standard,17.1931,1.7227,31.6580,0.5428,51.1167
1768840601,593,Naive,Standard,19.0033,2.1195,31.3829,0.0801,52.5859
1768840601,594,Naive,Standard,23.0212,2.5699,28.5822,0.0568,54.2301
1768840601,589,Naive,Standard,16.4088,1.7193,42.4394,0.8747,61.4421
1768840601,596,Naive,Standard,20.9171,2.5428,25.2120,0.0529,48.7248
1768840601,595,Naive,Standard,25.8914,2.7616,33.3042,0.3444,62.3017
1768840601,597,Naive,Standard,20.5328,2.3280,28.1318,0.2199,51.2125
1768840601,598,Naive,Standard,22.3553,2.2396,30.1583,0.2303,54.9835
1768840601,600,Naive,Standard,24.8021,1.9043,29.4948,0.0752,56.2764
1768840601,601,Naive,Standard,26.3278,2.1386,27.8862,0.0751,56.4277
1768840601,599,Naive,Standard,22.8753,2.0555,33.4575,3.0372,61.4255
1768840601,603,Naive,Standard,18.5204,1.8251,26.0827,0.1456,46.5739
1768840601,602,Naive,Standard,32.0860,3.0724,36.2701,0.0936,71.5221
1768840601,605,Naive,Standard,19.3509,1.9288,23.4887,0.6948,45.4631
1768840601,608,Naive,Standard,17.5002,1.8472,27.7903,0.0887,47.2265
1768840601,606,Naive,Standard,23.2102,1.9345,29.9207,0.0403,55.1057
1768840601,607,Naive,Standard,17.1573,1.7570,29.6923,0.0326,48.6393
1768840601,604,Naive,Standard,26.0608,2.6534,36.1501,0.2151,65.0794
1768840601,609,Naive,Standard,22.0033,3.8833,27.5627,0.8886,54.3379
1768840601,610,Naive,Standard,29.8228,2.4675,24.1103,0.0889,56.4895
1768840601,611,Naive,Standard,9.7476,2.0986,31.4614,0.3119,43.6195
1768840601,612,Naive,Standard,13.7730,2.5450,30.3036,1.2488,47.8705
1768840601,613,Naive,Standard,23.0627,1.7331,29.6075,0.0892,54.4926
1768840601,615,Naive,Standard,24.1488,1.8772,28.6361,0.0361,54.6981
1768840601,614,Naive,Standard,23.0900,1.9885,31.8246,0.0743,56.9773
1768840601,618,Naive,Standard,13.9685,2.2316,25.5468,0.1541,41.9010
1768840601,617,Naive,Standard,29.8888,2.1198,28.5899,0.0785,60.6770
1768840601,619,Naive,Standard,23.5222,2.1274,30.9112,0.3163,56.8770
1768840601,620,Naive,Standard,23.2389,2.5130,26.6008,0.0555,52.4081
1768840601,616,Naive,Standard,23.9905,4.9548,47.8115,0.2311,76.9880
1768840601,621,Naive,Standard,23.6617,1.7008,30.3796,0.0666,55.8086
1768840601,625,Naive,Standard,22.4480,1.7184,24.4670,0.0563,48.6897
1768840601,622,Naive,Standard,22.7745,1.8439,31.0679,0.0301,55.7164
1768840601,623,Naive,Standard,18.4261,2.1043,31.8012,0.2075,52.5391
1768840601,624,Naive,Standard,21.8767,1.8181,30.1942,0.0615,53.9505
1768840601,627,Naive,Standard,24.8874,1.8840,31.4765,0.0646,58.3126
1768840601,626,Naive,Standard,37.0002,1.6192,38.9712,1.0116,78.6022
1768840601,630,Naive,Standard,18.7448,2.2637,26.8452,1.1351,48.9887
1768840601,629,Naive,Standard,18.3664,1.7138,29.3510,0.0385,49.4698
1768840601,631,Naive,Standard,18.8601,2.0090,28.2491,0.0896,49.2077
1768840601,628,Naive,Standard,25.4806,1.9214,40.0009,0.0396,67.4425
1768840601,633,Naive,Standard,21.0350,1.8996,29.5045,0.1622,52.6013
1768840601,632,Naive,Standard,22.0813,1.9114,31.3752,0.0969,55.4649
1768840601,634,Naive,Standard,26.2892,2.0177,28.0122,0.1765,56.4956
1768840601,635,Naive,Standard,21.0115,2.4569,30.7486,0.5987,54.8156
1768840601,637,Naive,Standard,20.4285,1.9140,31.8931,0.0344,54.2700
1768840601,638,Naive,Standard,20.6454,1.9253,31.5969,0.0278,54.1955
1768840601,640,Naive,Standard,26.2261,1.8280,30.2803,0.0918,58.4262
1768840601,641,Naive,Standard,23.1740,1.8476,30.5443,0.0411,55.6071
1768840601,636,Naive,Standard,20.7073,2.3745,37.5351,0.0464,60.6634
1768840601,639,Naive,Standard,21.4377,1.8939,36.7098,0.2281,60.2695
1768840601,642,Naive,Standard,28.0212,2.4200,26.4750,0.1096,57.0258
1768840601,644,Naive,Standard,20.6954,1.8779,30.1672,0.0873,52.8278
1768840601,645,Naive,Standard,20.5920,2.0555,31.5436,2.6735,56.8645
1768840601,646,Naive,Standard,25.2174,1.7942,29.0694,1.0530,57.1339
1768840601,647,Naive,Standard,25.5649,1.8657,29.9819,0.0798,57.4923
1768840601,648,Naive,Standard,26.0185,3.9328,30.1489,0.4962,60.5964
1768840601,650,Naive,Standard,26.3635,2.1917,24.3141,0.0729,52.9422
1768840601,649,Naive,Standard,26.2038,1.5546,36.3747,0.0473,64.1804
1768840601,643,Naive,Standard,20.6739,1.8951,53.5335,0.1855,76.2879
1768840601,651,Naive,Standard,24.4057,1.7539,28.9038,0.0486,55.1119
1768840601,654,Naive,Standard,29.4163,2.2429,28.7306,0.1528,60.5426
1768840601,657,Naive,Standard,28.5099,3.1361,26.2800,0.1339,58.0598
1768840601,652,Naive,Standard,28.5700,7.6955,30.3139,0.0453,66.6248
1768840601,656,Naive,Standard,28.6434,2.7403,27.4713,0.0341,58.8891
1768840601,653,Naive,Standard,28.9493,2.0810,37.7763,0.1916,68.9982
1768840601,658,Naive,Standard,24.6813,2.8181,34.1632,0.0576,61.7201
1768840601,655,Naive,Standard,25.3924,11.5605,40.3830,0.0330,77.3689
1768840601,659,Naive,Standard,18.7493,2.1028,28.7654,0.0454,49.6630
1768840601,660,Naive,Standard,24.3018,2.3725,26.7865,0.2023,53.6632
1768840601,663,Naive,Standard,25.6409,1.9497,25.2751,0.4654,53.3311
1768840601,664,Naive,Standard,27.6629,1.9138,23.7892,0.0325,53.3985
1768840601,661,Naive,Standard,28.0575,2.3300,28.9446,0.0845,59.4166
1768840601,662,Naive,Standard,27.5526,2.1827,29.2919,1.7973,60.8245
1768840601,667,Naive,Standard,28.7755,2.0619,30.3525,0.1171,61.3070
1768840601,668,Naive,Standard,13.9524,2.5958,28.2514,0.0505,44.8500
1768840601,669,Naive,Standard,17.9274,2.1120,26.5612,0.0914,46.6921
1768840601,665,Naive,Standard,42.8171,3.4223,35.4101,3.4448,85.0944
1768840601,672,Naive,Standard,16.7846,2.6273,24.8295,0.1021,44.3434
1768840601,671,Naive,Standard,14.4565,2.2152,26.9448,1.1734,44.7898
1768840601,666,Naive,Standard,27.7479,1.8680,42.8978,0.0834,72.5971
1768840601,675,Naive,Standard,26.6662,1.4646,22.8478,0.0547,51.0333
1768840601,673,Naive,Standard,22.2508,1.8980,27.5589,0.0716,51.7793
1768840601,670,Naive,Standard,17.7248,1.7134,52.3063,0.1444,71.8888
1768840601,674,Naive,Standard,24.6548,1.8994,26.2247,0.2032,52.9821
1768840601,677,Naive,Standard,30.6282,2.3275,29.7664,0.1930,62.9151
1768840601,676,Naive,Standard,30.1668,6.4443,28.8269,0.0896,65.5275
1768840602,679,Naive,Standard,27.7363,2.2652,36.5602,0.2884,66.8502
1768840602,680,Naive,Standard,45.6026,1.4583,25.3442,0.1123,72.5174
1768840602,681,Naive,Standard,19.3753,1.8999,26.8700,0.0900,48.2352
1768840602,683,Naive,Standard,20.1989,2.0733,25.4655,0.0446,47.7824
1768840602,682,Naive,Standard,19.8385,4.0804,24.1784,0.0325,48.1297
1768840602,678,Naive,Standard,26.0246,6.6037,46.7555,0.0933,79.4770
1768840602,684,Naive,Standard,30.5720,2.0903,25.6087,0.1069,58.3778
1768840602,685,Naive,Standard,24.8780,2.2463,30.9466,0.0763,58.1473
1768840602,687,Naive,Standard,36.4902,2.3066,26.6825,0.0507,65.5300
1768840602,689,Naive,Standard,26.0002,1.6986,26.3130,0.0461,54.0579
1768840602,686,Naive,Standard,30.7620,2.1818,34.4446,0.0508,67.4392
1768840602,688,Naive,Standard,26.0270,2.1201,26.8318,0.0371,55.0160
1768840602,690,Naive,Standard,26.1885,3.3458,31.5969,0.2104,61.3416
1768840602,692,Naive,Standard,24.1922,2.6851,28.6189,0.0909,55.5872
1768840602,691,Naive,Standard,30.1944,2.0694,38.6187,0.0565,70.9390
1768840602,693,Naive,Standard,31.8853,1.9648,26.6773,0.1345,60.6618
1768840602,694,Naive,Standard,24.9576,1.9155,24.8922,0.0616,51.8269
1768840602,695,Naive,Standard,26.0913,1.9084,28.5124,0.0955,56.6076
1768840602,697,Naive,Standard,26.6584,1.9868,29.0597,0.0663,57.7711
1768840602,696,Naive,Standard,26.4232,2.0424,40.8389,0.0925,69.3970
1768840602,698,Naive,Standard,29.4349,3.3858,32.6307,0.2355,65.6869
1768840602,699,Naive,Standard,32.4764,2.6130,26.7494,0.2193,62.0581
1768840602,701,Naive,Standard,21.7737,3.1148,25.2902,0.1563,50.3349
1768840602,702,Naive,Standard,10.9726,1.9707,24.1067,0.0795,37.1295
1768840602,700,Naive,Standard,19.5196,2.8537,35.4984,1.2516,59.1233
1768840602,704,Naive,Standard,17.1041,2.4574,25.4246,0.2334,45.2194
1768840602,703,Naive,Standard,15.8889,2.0591,27.7423,0.0534,45.7437
1768840602,707,Naive,Standard,21.8505,2.6188,30.0224,0.0534,54.5451
1768840602,706,Naive,Standard,28.8211,2.4673,31.1399,0.0551,62.4835
1768840602,709,Naive,Standard,21.4803,2.7207,23.6814,0.0343,47.9167
1768840602,708,Naive,Standard,17.9425,2.2915,29.0306,0.0854,49.3499
1768840602,705,Naive,Standard,28.5170,1.6546,35.8367,1.0530,67.0613
1768840602,711,Naive,Standard,14.4839,2.0984,26.8320,0.2392,43.6535
1768840602,712,Naive,Standard,14.6379,2.1842,27.6489,0.0858,44.5567
1768840602,710,Naive,Standard,18.2809,2.1954,45.7394,0.0598,66.2754
1768840602,715,Naive,Standard,23.1851,1.8620,25.6883,0.0391,50.7745
1768840602,714,Naive,Standard,22.5034,1.9481,29.6671,0.1466,54.2651
1768840602,713,Naive,Standard,26.9798,1.8297,30.9796,0.0410,59.8301
1768840602,716,Naive,Standard,24.0597,2.0736,28.5225,0.0745,54.7302
1768840602,718,Naive,Standard,15.6771,2.4317,28.9089,0.0705,47.0881
1768840602,719,Naive,Standard,16.4875,2.2865,31.0308,0.1913,49.9961
1768840602,717,Naive,Standard,25.4678,3.0144,33.5981,0.5628,62.6431
1768840602,721,Naive,Standard,18.3414,1.7653,23.6862,0.0572,43.8502
1768840602,723,Naive,Standard,20.0655,2.0273,29.4275,0.1120,51.6324
1768840602,724,Naive,Standard,19.5757,1.9542,29.1264,0.0419,50.6982
1768840602,722,Naive,Standard,19.9423,2.0241,30.1492,0.2708,52.3864
1768840602,725,Naive,Standard,29.7593,2.6691,23.0580,0.1084,55.5949
1768840602,720,Naive,Standard,30.8540,1.7088,45.5421,0.1426,78.2475
1768840602,726,Naive,Standard,32.6940,2.3906,25.5858,0.3198,60.9902
1768840602,728,Naive,Standard,14.6536,2.3825,21.8600,0.0348,38.9308
1768840602,727,Naive,Standard,34.1457,2.0094,35.5392,0.0626,71.7568
1768840602,729,Naive,Standard,20.3169,1.9974,29.2311,0.0914,51.6368
1768840602,730,Naive,Standard,19.4836,1.9255,29.3058,0.0566,50.7714
1768840602,732,Naive,Standard,24.8563,2.5635,28.2177,0.0841,55.7216
1768840602,731,Naive,Standard,19.7988,1.9657,34.6965,0.0530,56.5140
1768840602,735,Naive,Standard,16.6517,2.1211,24.1462,0.0729,42.9919
1768840602,734,Naive,Standard,13.4009,2.9620,26.6418,0.1048,43.1095
1768840602,736,Naive,Standard,16.6309,2.0144,30.1211,0.0735,48.8398
1768840602,737,Naive,Standard,21.1606,2.0014,26.2401,0.2736,49.6757
1768840602,738,Naive,Standard,21.2283,1.9751,26.9836,0.0797,50.2667
1768840602,733,Naive,Standard,22.0825,4.4212,47.2700,0.4414,74.2152
1768840602,739,Naive,Standard,22.2173,2.1977,26.2482,0.0887,50.7519
1768840602,741,Naive,Standard,21.9576,2.1178,23.4644,0.0561,47.5960
1768840602,740,Naive,Standard,22.7533,1.9604,28.3519,0.0589,53.1246
1768840602,742,Naive,Standard,21.8762,2.5359,29.6064,4.6445,58.6629
1768840602,743,Naive,Standard,27.6720,2.3510,31.5986,0.0626,61.6843
1768840602,744,Naive,Standard,27.3427,2.3847,27.5892,0.0574,57.3740
1768840602,745,Naive,Standard,15.6354,2.2111,29.0494,0.2320,47.1279
1768840602,747,Naive,Standard,14.7938,2.1158,29.5250,0.1343,46.5688
1768840602,746,Naive,Standard,18.1766,2.1112,31.8922,0.0473,52.2273
1768840602,748,Naive,Standard,16.0435,1.7753,29.5732,0.0714,47.4634
1768840602,749,Naive,Standard,16.8676,1.6929,29.4479,0.2616,48.2700
1768840602,750,Naive,Standard,23.0539,4.7579,25.1772,0.8065,53.7956
1768840602,751,Naive,Standard,30.7363,2.0031,28.5560,0.1121,61.4076
1768840602,752,Naive,Standard,19.5487,2.3857,28.0742,0.0376,50.0462
1768840602,753,Naive,Standard,21.4917,2.1942,32.3598,0.0774,56.1232
1768840602,754,Naive,Standard,16.2147,2.3400,27.5055,0.0518,46.1119
1768840602,755,Naive,Standard,16.1989,2.0624,29.5041,0.1127,47.8781
1768840602,756,Naive,Standard,16.8730,2.9185,33.0628,0.6666,53.5210
1768840602,757,Naive,Standard,17.7306,2.0451,35.7314,0.3006,55.8077
1768840602,758,Naive,Standard,20.5752,4.2235,26.1626,0.1318,51.0931
1768840602,760,Naive,Standard,15.4603,1.9454,28.1145,0.1116,45.6319
1768840602,759,Naive,Standard,14.2173,1.7882,29.7532,0.0448,45.8034
1768840602,762,Naive,Standard,21.8500,2.0754,27.5728,0.0623,51.5606
1768840602,761,Naive,Standard,21.6966,2.0810,30.0752,1.8121,55.6649
1768840602,763,Naive,Standard,23.8285,2.8873,28.3949,3.7531,58.8637
1768840602,764,Naive,Standard,29.3762,1.9156,28.6401,0.0532,59.9850
1768840602,765,Naive,Standard,23.9666,8.5457,31.6183,0.9831,65.1137
1768840602,766,Naive,Standard,19.2961,2.7761,36.0229,0.8679,58.9631
1768840602,768,Naive,Standard,16.0617,1.9150,27.0489,0.0716,45.0972
1768840602,767,Naive,Standard,21.4812,2.0084,27.1120,0.0861,50.6876
1768840602,770,Naive,Standard,26.0655,2.7252,16.7726,0.0326,45.5959
1768840602,769,Naive,Standard,22.1081,2.4232,27.5693,0.1015,52.2020
1768840602,771,Naive,Standard,24.0517,1.7583,25.3991,0.5823,51.7915
1768840602,772,Naive,Standard,21.0312,1.9515,34.4652,0.7561,58.2040
1768840602,774,Naive,Standard,31.1274,1.9090,28.8880,0.2399,62.1642
1768840602,777,Naive,Standard,16.8373,2.2229,27.9633,0.0539,47.0774
1768840602,775,Naive,Standard,16.3509,2.9275,28.6345,0.7289,48.6417
1768840602,776,Naive,Standard,16.3849,2.0449,30.6700,0.0422,49.1421
1768840602,778,Naive,Standard,23.2321,2.2757,28.0853,0.0533,53.6464
1768840602,779,Naive,Standard,7.5386,2.9490,29.9733,0.0625,40.5235
1768840602,773,Naive,Standard,31.1758,1.8814,46.4602,1.2110,80.7284
1768840602,780,Naive,Standard,17.9048,2.0291,32.6035,0.4319,52.9693
1768840602,782,Naive,Standard,25.1936,2.2846,25.6586,0.0352,53.1720
1768840602,781,Naive,Standard,25.2903,2.4274,26.8792,0.0609,54.6578
1768840602,783,Naive,Standard,26.1957,1.7885,26.3787,0.0304,54.3932
1768840602,784,Naive,Standard,26.5337,2.1342,29.1678,0.0824,57.9181
1768840602,785,Naive,Standard,14.7858,1.9948,27.5160,0.0901,44.3866
1768840602,786,Naive,Standard,9.6308,2.6881,25.0317,0.0485,37.3991
1768840602,787,Naive,Standard,13.0907,2.6432,21.2030,0.3722,37.3091
1768840602,790,Naive,Standard,2.1205,2.2400,19.9732,0.4137,24.7474
1768840602,788,Naive,Standard,15.7001,1.6416,28.0010,0.1450,45.4877
1768840602,789,Naive,Standard,16.4420,1.9323,28.7357,0.2753,47.3852
1768840602,791,Naive,Standard,0.1630,1.5469,28.1466,0.0639,29.9204
1768840602,795,Naive,Standard,0.0162,1.9900,28.0359,0.0324,30.0745
1768840602,792,Naive,Standard,0.1054,1.9437,30.6028,0.0406,32.6925
1768840602,793,Naive,Standard,0.0315,1.9486,30.5458,0.0355,32.5614
1768840602,797,Naive,Standard,0.5493,1.4665,12.4813,0.0237,14.5208
1768840602,794,Naive,Standard,0.0117,8.5518,26.7495,0.0225,35.3355
1768840602,796,Naive,Standard,0.8885,3.0448,23.4387,0.0190,27.3910
1768840602,798,Naive,Standard,0.0205,0.8624,9.9991,0.0360,10.9180
1768840602,799,Naive,Standard,0.0144,0.8734,12.3376,0.0291,13.2546
